mouraID;NOME;SEXO;PORTE;CAD PETZ ID;DATA DE NASCIMENTO;PESO;FOTO;UNIDADE PETZ;CIDADE;ESTADO;IDADE (MESES);FILHOTE;ENTRADA;PERMANÊNCIA;FAIXA ETARIA
4680644;Alagoas;FEMALE;Pequeno;7195572;2020-09-06;4.0;https://s3.amazonaws.com/petz-cdm-stg/c6698ab7-de79-4a6c-b14f-d2fc368f906b.jpeg;Petz Alto da Boa Vista;SAO PAULO;SP;49;False;2024-09-28;2;ADULTO
4679883;ANDRIA;FEMALE;Pequeno;7194608;2024-02-14;2.0;https://s3.amazonaws.com/petz-cdm-stg/fe9cc0c7-f9d0-4a6e-a1eb-ce0c82b51117.jpeg;Petz Bosque Maia;GUARULHOS;SP;8;True;2024-09-28;0;FILHOTE
4595572;ANTONIO;MALE;Pequeno;7086469;2023-10-24;3.0;https://s3.amazonaws.com/petz-cdm-stg/7ba3b91b-d76a-4e66-a068-01beca2efd6e.jpeg;Petz Carrefour São Caetano;SAO CAETANO DO SUL;SP;12;False;2024-09-28;0;JUNIOR
4682537;Babi;FEMALE;Pequeno;7197871;2022-01-01;3.0;https://s3.amazonaws.com/petz-cdm-stg/c224893f-cba4-4350-9f3f-e1745326807b.jpeg;Petz Araçatuba;ARACATUBA;SP;34;False;2024-09-28;3;ADULTO
4680651;Bahia;FEMALE;Pequeno;7195581;2022-05-06;3.0;https://s3.amazonaws.com/petz-cdm-stg/71090702-5260-4b07-af8c-b4add9b4c1db.jpeg;Petz Alto da Boa Vista;SAO PAULO;SP;29;False;2024-09-28;2;ADULTO
4679898;BIA ;FEMALE;Pequeno;7194629;2023-10-26;3.0;https://s3.amazonaws.com/petz-cdm-stg/5bcbd9e3-ae5d-4e72-9700-d5bf62f54a14.jpeg;Petz Bosque Maia;GUARULHOS;SP;12;False;2024-09-28;0;JUNIOR
3490609;Bibiane;FEMALE;Pequeno;5963320;2022-02-11;3.1;https://s3.amazonaws.com/petz-cdm-stg/c7547bdd-57ab-4b7c-afce-3a8b7ff62f2d.jpeg;Petz Giovanni Pirelli;SANTO ANDRE;SP;32;False;2024-09-28;0;ADULTO
4679879;BORIS ;MALE;Pequeno;7194604;2023-11-04;4.0;https://s3.amazonaws.com/petz-cdm-stg/fc22106a-2d3a-417b-a63e-ecb95eebd295.jpeg;Petz Bosque Maia;GUARULHOS;SP;12;False;2024-09-28;0;JUNIOR
4655835;Churu;MALE;Pequeno;7163239;2024-04-30;2.0;https://s3.amazonaws.com/petz-cdm-stg/b0cb87a1-4570-4ab4-8b7a-301b3e3f61d6.jpeg;Petz Limão;SAO PAULO;SP;6;True;2024-09-28;0;FILHOTE
4687018;CLEO PIRES ;FEMALE;Pequeno;7203455;2023-09-12;4.0;https://s3.amazonaws.com/petz-cdm-stg/a16fdb73-915e-4f7e-91f6-b6e8f8d1ee57.jpeg;Petz Bosque Maia;GUARULHOS;SP;13;False;2024-09-28;0;JUNIOR
4676401;Dadá;FEMALE;Pequeno;7189872;2024-02-25;3.0;https://s3.amazonaws.com/petz-cdm-stg/b8d31c37-fa44-492f-bc4f-5a95f3928460.jpeg;Petz Limão;SAO PAULO;SP;8;True;2024-09-28;2;FILHOTE
4686153;Dalila;FEMALE;Pequeno;7202445;2023-12-28;3.0;https://s3.amazonaws.com/petz-cdm-stg/31d8d018-1cd7-4e89-930b-6671b2ba887c.jpeg;Petz Radial Leste;SAO PAULO;SP;10;True;2024-09-28;0;FILHOTE
4598362;Dom Juan;MALE;Pequeno;7090008;2023-10-10;4.0;https://s3.amazonaws.com/petz-cdm-stg/07187f9f-c1b2-4c9d-a79a-89981ab892f0.jpeg;Petz Indaiatuba;INDAIATUBA;SP;12;False;2024-09-28;2;JUNIOR
4686345;enrico;MALE;Pequeno;7202649;2024-05-24;2.0;https://s3.amazonaws.com/petz-cdm-stg/16cb511e-4ac2-445c-8fac-c71162a2e721.jpeg;Petz Carrefour São Caetano;SAO CAETANO DO SUL;SP;5;True;2024-09-28;1;FILHOTE
4682329;Francisco;MALE;Pequeno;7197635;2021-09-13;5.0;https://s3.amazonaws.com/petz-cdm-stg/d8b6d704-36f1-4d7c-9833-1cfb763de70c.jpeg;Petz Anália Franco;SAO PAULO;SP;37;False;2024-09-28;0;ADULTO
4687580;HAVENNA;FEMALE;Pequeno;7204199;2022-09-01;4.0;https://s3.amazonaws.com/petz-cdm-stg/dae86c46-f61c-4a9d-8061-8500d9504880.jpeg;Petz Ricardo Jafet 24h;SAO PAULO;SP;26;False;2024-09-28;0;ADULTO
4688837;JOEY;MALE;Pequeno;7205777;2024-07-20;1.0;https://s3.amazonaws.com/petz-cdm-stg/604bcd28-cbd8-4842-8348-d79c42127c52.jpeg;Petz Carrefour São Caetano;SAO CAETANO DO SUL;SP;3;True;2024-09-28;0;FILHOTE
4680658;Maremoto;MALE;Pequeno;7195585;2024-05-06;3.0;https://s3.amazonaws.com/petz-cdm-stg/fb94fd6f-3164-4a13-bab1-eb906ebf2e68.jpeg;Petz Alto da Boa Vista;SAO PAULO;SP;5;True;2024-09-28;0;FILHOTE
4676405;Maria ;FEMALE;Pequeno;7189877;2024-02-25;3.0;https://s3.amazonaws.com/petz-cdm-stg/29e2d720-13d8-4e6a-bb5d-dcf8f5f6629a.jpeg;Petz Limão;SAO PAULO;SP;8;True;2024-09-28;3;FILHOTE
4686344;maria clara;FEMALE;Pequeno;7202648;2024-05-24;1.0;https://s3.amazonaws.com/petz-cdm-stg/b0477390-7fab-4735-8b81-383d5e51d5db.jpeg;Petz Carrefour São Caetano;SAO CAETANO DO SUL;SP;5;True;2024-09-28;0;FILHOTE
4680844;Matheus;MALE;Pequeno;7195771;2022-09-23;3.0;https://s3.amazonaws.com/petz-cdm-stg/40b0e4ce-388e-4cce-bff0-96b5a1ce66ee.jpeg;Petz Campo Grande;CAMPO GRANDE;MS;25;False;2024-09-28;0;ADULTO
4688698;Mel ;FEMALE;Pequeno;7205610;2023-01-01;3.0;https://s3.amazonaws.com/petz-cdm-stg/202e32b1-11b6-4cea-92cb-4130b736a6f9.jpeg;Petz Araçatuba;ARACATUBA;SP;22;False;2024-09-28;2;JUNIOR
4688853;MONICA;FEMALE;Pequeno;7205795;2024-07-20;1.0;https://s3.amazonaws.com/petz-cdm-stg/62c3f847-6926-449b-b1bc-58d340218a8c.jpeg;Petz Carrefour São Caetano;SAO CAETANO DO SUL;SP;3;True;2024-09-28;1;FILHOTE
4682536;Pablo ;MALE;Pequeno;7197873;2023-12-12;3.0;https://s3.amazonaws.com/petz-cdm-stg/eca9452c-7197-4f1d-90e7-b27a9014dc63.jpeg;Petz Araçatuba;ARACATUBA;SP;10;True;2024-09-28;0;FILHOTE
4688830;PHOEBE;FEMALE;Pequeno;7205769;2024-07-20;1.0;https://s3.amazonaws.com/petz-cdm-stg/f32410f8-207b-42c5-b651-49429a015f10.jpeg;Petz Carrefour São Caetano;SAO CAETANO DO SUL;SP;3;True;2024-09-28;1;FILHOTE
4688824;RACHEL;FEMALE;Pequeno;7205762;2024-07-20;1.0;https://s3.amazonaws.com/petz-cdm-stg/37c09832-c55e-48fd-9a13-89b44c425b15.jpeg;Petz Carrefour São Caetano;SAO CAETANO DO SUL;SP;3;True;2024-09-28;0;FILHOTE
4687019;Suzy;FEMALE;Pequeno;7203460;2023-08-10;4.0;https://s3.amazonaws.com/petz-cdm-stg/394b447d-58a9-49e2-8bb0-d690f03de4be.jpeg;Petz Bosque Maia;GUARULHOS;SP;14;False;2024-09-28;0;JUNIOR
4682636;Teddy;MALE;Pequeno;7197986;2022-05-05;3.0;https://s3.amazonaws.com/petz-cdm-stg/ecd4df1c-57c4-444f-a5ac-023312963978.jpeg;Petz Campo Grande;CAMPO GRANDE;MS;30;False;2024-09-28;0;ADULTO
4686343;thomaz;MALE;Pequeno;7202647;2024-05-24;2.0;https://s3.amazonaws.com/petz-cdm-stg/963f22a0-6861-4c9c-b578-81bd31e7955b.jpeg;Petz Carrefour São Caetano;SAO CAETANO DO SUL;SP;5;True;2024-09-28;1;FILHOTE
4680613;Tigre;MALE;Pequeno;7195538;2024-02-04;2.0;https://s3.amazonaws.com/petz-cdm-stg/917f60f3-02a9-41b3-8920-1101d1cc5fee.jpeg;Petz Indaiatuba;INDAIATUBA;SP;9;True;2024-09-28;2;FILHOTE
4686136;Tom;MALE;Pequeno;7202414;2022-09-01;4.0;https://s3.amazonaws.com/petz-cdm-stg/203fde23-b6da-483b-887d-5fad7389df0d.jpeg;Petz Presidente Prudente;PRESIDENTE PRUDENTE;SP;26;False;2024-09-28;0;ADULTO
4687027;TOM;MALE;Pequeno;7203472;2023-10-10;3.0;https://s3.amazonaws.com/petz-cdm-stg/0d17207c-a120-4a23-931b-609e3a5fdcdf.jpeg;Petz Bosque Maia;GUARULHOS;SP;12;False;2024-09-28;0;JUNIOR
4567484;AIMÊ;FEMALE;Pequeno;7050593;2023-11-20;3.0;https://s3.amazonaws.com/petz-cdm-stg/7c55a0fc-5ff4-456d-adb2-375197f21b7d.jpeg;Petz Aricanduva;SAO PAULO;SP;11;True;2024-10-05;3;FILHOTE
4693777;Arondir;MALE;Pequeno;7212476;2024-05-27;2.0;https://s3.amazonaws.com/petz-cdm-stg/f31f787e-1ac4-49b6-a7ba-3ba49cfffc90.jpeg;Petz Augusta;SAO PAULO;SP;5;True;2024-10-05;0;FILHOTE
4605337;Bruce;MALE;Pequeno;7099277;2022-11-19;4.0;https://s3.amazonaws.com/petz-cdm-stg/9079d8e2-df63-423f-959b-4e89a3a11646.jpeg;Petz Sorocaba;SOROCABA;SP;23;False;2024-10-05;1;JUNIOR
4697432;cacau;FEMALE;Pequeno;7217462;2024-07-21;1.0;https://s3.amazonaws.com/petz-cdm-stg/b387a374-9a7d-4f05-85cd-b88a10c2f7b8.jpeg;Petz São Luis;SAO LUIS;MA;3;True;2024-10-05;3;FILHOTE
4695215;Cats Eye;MALE;Pequeno;7214416;2024-06-09;2.0;https://s3.amazonaws.com/petz-cdm-stg/ada74bdc-4648-4f42-b6a6-d26478606f62.jpeg;Petz Anália Franco;SAO PAULO;SP;4;True;2024-10-05;0;FILHOTE
4692323;Chikim;MALE;Pequeno;7210467;2024-04-01;1.0;https://s3.amazonaws.com/petz-cdm-stg/fe2ecb0e-65c0-4f99-9f94-4d8fc108fca1.jpeg;Petz Parque Flamboyant;GOIANIA;GO;7;True;2024-10-05;3;FILHOTE
4675082;Cindy;FEMALE;Pequeno;7188175;2022-10-24;3.0;https://s3.amazonaws.com/petz-cdm-stg/cd742447-2ef0-4541-98f7-3d83aa2fb4e6.jpeg;Petz Aricanduva;SAO PAULO;SP;24;False;2024-10-05;1;ADULTO
4669250;Cozi;FEMALE;Pequeno;7180330;2020-09-01;4.0;https://s3.amazonaws.com/petz-cdm-stg/3e5ba3a3-170c-4ee5-a823-8e4215b7e8a5.jpeg;Petz Morumbi;SAO PAULO;SP;50;False;2024-10-05;1;ADULTO
4692818;Cristal;FEMALE;Pequeno;7211153;2022-08-10;3.0;https://s3.amazonaws.com/petz-cdm-stg/46340cb2-8858-4cfb-9821-a730fc5c237f.jpeg;Petz Sorocaba;SOROCABA;SP;26;False;2024-10-05;2;ADULTO
4693915;Dengo ;MALE;Pequeno;7212673;2023-10-01;3.0;https://s3.amazonaws.com/petz-cdm-stg/8dfef175-d4f1-4cb7-962a-b3ab1857058e.jpeg;Petz Bueno T63;GOIANIA;GO;13;False;2024-10-05;0;JUNIOR
4693832;Disa;FEMALE;Pequeno;7212552;2024-04-27;2.0;https://s3.amazonaws.com/petz-cdm-stg/82a17aba-0cb2-42cf-b831-90b6330379c3.jpeg;Petz Augusta;SAO PAULO;SP;6;True;2024-10-05;0;FILHOTE
4682516;Disaronrono;MALE;Pequeno;7197846;2023-12-13;3.0;https://s3.amazonaws.com/petz-cdm-stg/d54d1020-dd49-4398-8843-3804e0e4cfef.jpeg;Petz Bandeirantes 24h;SAO PAULO;SP;10;True;2024-10-05;2;FILHOTE
4682511;Doce de Abóbora;FEMALE;Pequeno;7197837;2024-05-20;1.0;https://s3.amazonaws.com/petz-cdm-stg/e0abeca7-9d42-4114-ab50-1a060415bba3.jpeg;Petz Bandeirantes 24h;SAO PAULO;SP;5;True;2024-10-05;2;FILHOTE
4695100;Durin;MALE;Pequeno;7214293;2023-11-27;4.0;https://s3.amazonaws.com/petz-cdm-stg/44e6a33e-1385-493e-84f8-b19bde55029c.jpeg;Petz Anália Franco;SAO PAULO;SP;11;True;2024-10-05;3;FILHOTE
4696235;EMÍLIA ;FEMALE;Pequeno;7215765;2023-10-13;4.0;https://s3.amazonaws.com/petz-cdm-stg/88a6002f-3a46-46a9-b1a7-a99ff3539c83.jpeg;Petz Bosque Maia;GUARULHOS;SP;12;False;2024-10-05;3;JUNIOR
4689619;Emma;FEMALE;Pequeno;7206851;2024-04-01;3.0;https://s3.amazonaws.com/petz-cdm-stg/e4b012e3-4ee4-4387-bf88-39e6d16c24ca.jpeg;Petz Itu;ITU;SP;7;True;2024-10-05;1;FILHOTE
4695216;Emmaretta;FEMALE;Pequeno;7214418;2024-07-16;2.0;https://s3.amazonaws.com/petz-cdm-stg/41ccca99-e2f9-40ce-a380-dd995989aba1.jpeg;Petz Anália Franco;SAO PAULO;SP;3;True;2024-10-05;0;FILHOTE
4691224;Filó;FEMALE;Pequeno;7209038;2022-11-01;3.0;https://s3.amazonaws.com/petz-cdm-stg/21022264-8c5f-455d-b798-4f1969e04453.jpeg;Petz Ricardo Jafet 24h;SAO PAULO;SP;24;False;2024-10-05;0;ADULTO
4693064;Fiona;FEMALE;Pequeno;7211503;2024-05-10;3.0;https://s3.amazonaws.com/petz-cdm-stg/d0567c3a-c4c5-4ada-898a-f453560c4f1d.jpeg;Petz Giovanni Gronchi;SAO PAULO;SP;5;True;2024-10-05;1;FILHOTE
4487794;Gigi;FEMALE;Pequeno;6951410;2024-01-01;2.0;https://s3.amazonaws.com/petz-cdm-stg/98fcb8d9-770d-4d20-8a40-d532ea741dde.jpeg;Petz Salvador Bonocô;SALVADOR;BA;10;True;2024-10-05;0;FILHOTE
4693818;Gil-Galad;MALE;Pequeno;7212530;2024-05-25;2.0;https://s3.amazonaws.com/petz-cdm-stg/d0084572-6777-44e4-b155-3d41b79f55f6.jpeg;Petz Augusta;SAO PAULO;SP;5;True;2024-10-05;0;FILHOTE
4691613;Grudinha;FEMALE;Pequeno;7209525;2023-09-11;3.0;https://s3.amazonaws.com/petz-cdm-stg/8aeebb40-b09e-431a-b825-b70afe2e3954.jpeg;Petz Iguatemi Esplanada;VOTORANTIM;SP;13;False;2024-10-05;1;JUNIOR
4570124;Haroldo;MALE;Pequeno;7053925;2024-02-01;1.0;https://s3.amazonaws.com/petz-cdm-stg/696f61f1-c59f-4986-985f-de7a38bfd075.jpeg;Petz Parque Flamboyant;GOIANIA;GO;9;True;2024-10-05;1;FILHOTE
4694969;JADE;FEMALE;Pequeno;7214146;2024-03-03;4.0;https://s3.amazonaws.com/petz-cdm-stg/c4e96d7f-8362-4f05-9ef6-e2b78078bc6f.jpeg;Petz Marginal Tiete;SAO PAULO;SP;8;True;2024-10-05;1;FILHOTE
4625027;Jasmine;FEMALE;Pequeno;7123522;2024-04-02;2.0;https://s3.amazonaws.com/petz-cdm-stg/99ad3040-710e-4aa9-8910-c3918fa1d664.jpeg;Petz Indaiatuba;INDAIATUBA;SP;7;True;2024-10-05;3;FILHOTE
4683182;João ;MALE;Pequeno;7198762;2024-03-10;2.0;https://s3.amazonaws.com/petz-cdm-stg/77859c54-5bdd-49d8-b1c4-85f50ed7d780.jpeg;Petz Giovanni Gronchi;SAO PAULO;SP;7;True;2024-10-05;0;FILHOTE
4688790;João;MALE;Pequeno;7205713;2022-09-20;3.0;https://s3.amazonaws.com/petz-cdm-stg/31679b41-5781-4a4d-ba44-a7285c10a744.jpeg;Petz Washington Luís;SAO PAULO;SP;25;False;2024-10-05;1;ADULTO
4686185;Kata;FEMALE;Pequeno;7202480;2024-06-14;1.0;https://s3.amazonaws.com/petz-cdm-stg/cc7a49d9-a5f9-450c-9f20-5d5e2b587572.jpeg;Petz Carrefour Manilha;SAO GONCALO;RJ;4;True;2024-10-05;3;FILHOTE
4688764;KENAI;MALE;Pequeno;7205686;2023-10-10;3.0;https://s3.amazonaws.com/petz-cdm-stg/2b88cb75-c138-48e1-9c9d-cef82ff1863b.jpeg;Petz Pacaembu;SAO PAULO;SP;12;False;2024-10-05;3;JUNIOR
4695099;Kind of Magic;MALE;Pequeno;7214294;2024-07-10;2.0;https://s3.amazonaws.com/petz-cdm-stg/7148fb5b-69fa-4ed0-b012-d5e1260f7f0c.jpeg;Petz Anália Franco;SAO PAULO;SP;3;True;2024-10-05;0;FILHOTE
4686178;Konan;FEMALE;Pequeno;7202473;2024-06-14;1.0;https://s3.amazonaws.com/petz-cdm-stg/97375aa7-126b-44af-a836-f0c79fb5e801.jpeg;Petz Carrefour Manilha;SAO GONCALO;RJ;4;True;2024-10-05;3;FILHOTE
4695219;Lazy;FEMALE;Pequeno;7214419;2024-07-16;2.0;https://s3.amazonaws.com/petz-cdm-stg/b7d1547a-b996-47ff-9a30-d40fc96de252.jpeg;Petz Anália Franco;SAO PAULO;SP;3;True;2024-10-05;0;FILHOTE
4693457;Leon;MALE;Pequeno;7211990;2022-09-01;3.0;https://s3.amazonaws.com/petz-cdm-stg/d91e296a-a2e2-4bcb-bd45-8194610faf04.jpeg;Petz Congonhas;SAO PAULO;SP;26;False;2024-10-05;1;ADULTO
4692823;Lucy;FEMALE;Pequeno;7211159;2023-02-05;4.0;https://s3.amazonaws.com/petz-cdm-stg/176abd14-81cd-4e16-97ca-1c45b9ed8f22.jpeg;Petz Sorocaba;SOROCABA;SP;21;False;2024-10-05;1;JUNIOR
4694075;Lupa;FEMALE;Pequeno;7212873;2024-05-01;2.0;https://s3.amazonaws.com/petz-cdm-stg/5a1da042-6ea6-4dc9-a04b-9416c5435bc5.jpeg;Petz Salvador Bonocô;SALVADOR;BA;6;True;2024-10-05;1;FILHOTE
4573611;Macarrão ;MALE;Pequeno;7058332;2022-06-01;3.0;https://s3.amazonaws.com/petz-cdm-stg/c35c291d-ef6a-44a1-9b92-d0d822bc2ad3.jpeg;Petz Tamboré;BARUERI;SP;29;False;2024-10-05;3;ADULTO
4687870;Manu;FEMALE;Pequeno;7204518;2024-04-01;2.0;https://s3.amazonaws.com/petz-cdm-stg/ee184f4c-772a-439b-b291-17f7b4c9b638.jpeg;Petz Salvador Bonocô;SALVADOR;BA;7;True;2024-10-05;0;FILHOTE
4683972;Maria;FEMALE;Pequeno;7198774;2024-03-10;2.0;https://s3.amazonaws.com/petz-cdm-stg/1fd6b64f-cee1-40d7-ab1e-22e9f24fab99.jpeg;Petz Giovanni Gronchi;SAO PAULO;SP;7;True;2024-10-05;1;FILHOTE
4689863;Marrie;FEMALE;Pequeno;7207137;2024-07-12;0.0;https://s3.amazonaws.com/petz-cdm-stg/2e691ec4-5284-4d42-8eab-231ca801d274.jpeg;Petz Canoas;CANOAS;RS;3;True;2024-10-05;1;FILHOTE
4681396;Mel;FEMALE;Pequeno;7196456;2023-11-01;3.0;https://s3.amazonaws.com/petz-cdm-stg/d717c193-a381-4918-a0fb-e667fc5881a8.jpeg;Petz Pereira Barreto;SAO BERNARDO DO CAMPO;SP;12;False;2024-10-05;1;JUNIOR
4614598;NINA JUJUBA;FEMALE;Pequeno;7111374;2021-09-26;3.0;https://s3.amazonaws.com/petz-cdm-stg/61eeeec2-ac6e-4bea-be1f-12a606688893.jpeg;Petz Canoas;CANOAS;RS;37;False;2024-10-05;3;ADULTO
4641080;PERCY;MALE;Pequeno;7144164;2023-12-25;4.0;https://s3.amazonaws.com/petz-cdm-stg/3a1097ac-0983-4068-a32e-c7243754e12a.jpeg;Petz Marginal Tiete;SAO PAULO;SP;10;True;2024-10-05;2;FILHOTE
4695594;PERLA ;FEMALE;Pequeno;7214948;2023-10-15;2.0;https://s3.amazonaws.com/petz-cdm-stg/dcbddd9a-1fd1-44dc-a136-fe3c05f3529e.jpeg;Petz Bosque Maia;GUARULHOS;SP;12;False;2024-10-05;1;JUNIOR
4694067;Pietra ;FEMALE;Pequeno;7212864;2024-05-01;2.0;https://s3.amazonaws.com/petz-cdm-stg/daed9774-e8e1-4e78-96b4-416095b853a7.jpeg;Petz Salvador Bonocô;SALVADOR;BA;6;True;2024-10-05;1;FILHOTE
4691621;Pretão;MALE;Pequeno;7209531;2022-09-10;3.0;https://s3.amazonaws.com/petz-cdm-stg/4d46ff99-6039-4811-bed9-610a1e4d770e.jpeg;Petz Iguatemi Esplanada;VOTORANTIM;SP;25;False;2024-10-05;3;ADULTO
4656625;pudim;MALE;Pequeno;7164316;2024-06-01;2.0;https://s3.amazonaws.com/petz-cdm-stg/904a42f5-ef20-4258-a53f-e4be92ae8c34.jpeg;Petz Salvador Bonocô;SALVADOR;BA;5;True;2024-10-05;2;FILHOTE
3461041;REBECA;FEMALE;Pequeno;5902122;2021-07-10;4.0;https://s3.amazonaws.com/petz-cdm-stg/fcb94817-819e-4e76-9a73-f2fe4b0338d1.jpeg;Petz Extra Maracanã;RIO DE JANEIRO;RJ;39;False;2024-10-05;3;ADULTO
4551293;Rodriguinho;MALE;Pequeno;7030594;2023-05-20;3.0;https://s3.amazonaws.com/petz-cdm-stg/1048a23c-8a75-4812-9f89-5c1dda047e76.jpeg;Petz Protásio Alves;PORTO ALEGRE;RS;17;False;2024-10-05;1;JUNIOR
4693998;Rose;FEMALE;Pequeno;7212786;2023-08-01;4.0;https://s3.amazonaws.com/petz-cdm-stg/bfd8b541-4c5f-4727-ade1-d2d3b019994e.jpeg;Petz Salvador Bonocô;SALVADOR;BA;15;False;2024-10-05;3;JUNIOR
4692610;Sandy;FEMALE;Pequeno;7210834;2024-07-16;1.0;https://s3.amazonaws.com/petz-cdm-stg/27855531-0b64-47f0-87c9-9617070fc598.jpeg;Petz São Luis;SAO LUIS;MA;3;True;2024-10-05;0;FILHOTE
4693454;Sara;FEMALE;Pequeno;7211984;2023-09-01;3.0;https://s3.amazonaws.com/petz-cdm-stg/c5820afb-aa15-4a3e-b5e2-1cfd9b32b7de.jpeg;Petz Congonhas;SAO PAULO;SP;14;False;2024-10-05;3;JUNIOR
4695210;Scania;FEMALE;Pequeno;7214410;2024-04-24;3.0;https://s3.amazonaws.com/petz-cdm-stg/04d9aab0-9cd9-4a81-a61e-17224a5f228c.jpeg;Petz Anália Franco;SAO PAULO;SP;6;True;2024-10-05;0;FILHOTE
4695189;SENSEI;MALE;Pequeno;7214385;2021-06-19;5.0;https://s3.amazonaws.com/petz-cdm-stg/79e7ab25-83e6-462e-9c46-496513b3f7f3.jpeg;Petz Aricanduva;SAO PAULO;SP;40;False;2024-10-05;3;ADULTO
4689826;SNOOPY;MALE;Pequeno;7207100;2024-07-12;1.0;https://s3.amazonaws.com/petz-cdm-stg/8e0bd252-54f4-4da6-81bb-f9baa665add4.jpeg;Petz Canoas;CANOAS;RS;3;True;2024-10-05;1;FILHOTE
4692612;Sofia;FEMALE;Pequeno;7210837;2024-07-16;1.0;https://s3.amazonaws.com/petz-cdm-stg/ae93ffe8-0436-4c27-a886-134f1ee20f9d.jpeg;Petz São Luis;SAO LUIS;MA;3;True;2024-10-05;0;FILHOTE
4695271;SYLVIE;FEMALE;Pequeno;7214472;2023-09-13;3.0;https://s3.amazonaws.com/petz-cdm-stg/3a82b2c7-e1f2-4b59-8d5c-aacd8be497af.jpeg;Petz Carrefour São Caetano;SAO CAETANO DO SUL;SP;13;False;2024-10-05;0;JUNIOR
4695211;Theoden;MALE;Pequeno;7214414;2021-09-03;3.0;https://s3.amazonaws.com/petz-cdm-stg/fd1f2e1e-fc08-4467-945d-2a14afc195b9.jpeg;Petz Cerro Cora;SAO PAULO;SP;38;False;2024-10-05;3;ADULTO
4685205;Tigresa;FEMALE;Pequeno;7201309;2024-03-01;2.0;https://s3.amazonaws.com/petz-cdm-stg/26d577a1-f4e9-4ef8-85f1-4fac8defc4ef.jpeg;Petz Rio Claro;RIO CLARO;SP;8;True;2024-10-05;3;FILHOTE
4687995;Vicente ;MALE;Pequeno;7204676;2022-08-17;4.0;https://s3.amazonaws.com/petz-cdm-stg/a1638104-f1ed-4f92-8d4b-fa851155efa2.jpeg;Petz Aracaju;ARACAJU;SE;26;False;2024-10-05;0;ADULTO
4685200;Zeca;MALE;Pequeno;7201298;2024-03-01;3.0;https://s3.amazonaws.com/petz-cdm-stg/f3a0e16c-d860-4159-adc1-d4746e933e6d.jpeg;Petz Rio Claro;RIO CLARO;SP;8;True;2024-10-05;3;FILHOTE
4655494;Zoe;FEMALE;Pequeno;7162876;2024-02-20;2.0;https://s3.amazonaws.com/petz-cdm-stg/2d2fc09b-030c-470c-981d-2d2a444b1b9b.jpeg;Petz Osasco;OSASCO;SP;8;True;2024-10-05;1;FILHOTE
4700478;BALU;MALE;Pequeno;7221611;2024-06-01;2.0;https://s3.amazonaws.com/petz-cdm-stg/3f9db7b6-f61a-46bd-85fb-5be6c7b2d3f5.jpeg;Petz Salvador Bonocô;SALVADOR;BA;5;True;2024-10-12;0;FILHOTE
4698788;Barney;MALE;Pequeno;7219358;2024-07-31;2.0;https://s3.amazonaws.com/petz-cdm-stg/c16c5e77-8933-40b3-ac0f-936c859da1c9.jpeg;Petz Radial Leste;SAO PAULO;SP;3;True;2024-10-12;2;FILHOTE
4698785;Baruk;MALE;Pequeno;7219356;2024-07-31;2.0;https://s3.amazonaws.com/petz-cdm-stg/74dfd910-ee89-4ef4-955e-d5b2dd498ae5.jpeg;Petz Radial Leste;SAO PAULO;SP;3;True;2024-10-12;2;FILHOTE
4611723;BEGE;FEMALE;Pequeno;7107780;2023-03-18;3.0;https://s3.amazonaws.com/petz-cdm-stg/0ce07dfc-e0fc-49f7-b7af-9a787f04ecbb.jpeg;Petz Hortolandia;HORTOLANDIA;SP;19;False;2024-10-12;0;JUNIOR
4697712;CEBOLINHA;MALE;Pequeno;7217832;2024-08-07;1.0;https://s3.amazonaws.com/petz-cdm-stg/cd2cd562-1f73-43ad-8128-ee5f606e17a8.jpeg;Petz Ricardo Jafet 24h;SAO PAULO;SP;2;True;2024-10-12;0;FILHOTE
4697804;CHICO BENTO;MALE;Pequeno;7217952;2024-08-07;1.0;https://s3.amazonaws.com/petz-cdm-stg/11c73deb-4495-42c9-88c5-c81976340008.jpeg;Petz Ricardo Jafet 24h;SAO PAULO;SP;2;True;2024-10-12;0;FILHOTE
4552212;DUDA;FEMALE;Pequeno;7031727;2022-12-05;4.0;https://s3.amazonaws.com/petz-cdm-stg/fab9b927-aadf-445e-b0d7-7ca5a4237614.jpeg;Petz Salvador Paralela;SALVADOR;BA;23;False;2024-10-12;0;JUNIOR
4695932;Esmeralda;FEMALE;Pequeno;7215352;2024-02-17;3.0;https://s3.amazonaws.com/petz-cdm-stg/b469590b-213c-4d6d-a528-b7f6f1abe876.jpeg;Petz Canoas;CANOAS;RS;8;True;2024-10-12;2;FILHOTE
4699525;FELPUDO;MALE;Pequeno;7220370;2021-10-02;4.0;https://s3.amazonaws.com/petz-cdm-stg/1c74f814-7c62-40b9-987a-bdd43d9c5226.jpeg;Petz Carrefour São Caetano;SAO CAETANO DO SUL;SP;37;False;2024-10-12;3;ADULTO
4696058;Flora;FEMALE;Pequeno;7215531;2024-05-10;3.0;https://s3.amazonaws.com/petz-cdm-stg/3682dd16-fb2f-41dd-9f12-b37670c857ad.jpeg;Petz Giovanni Gronchi;SAO PAULO;SP;5;True;2024-10-12;1;FILHOTE
4701273;gothan;MALE;Pequeno;7222657;2024-07-12;1.0;https://s3.amazonaws.com/petz-cdm-stg/4076dbee-2262-4b45-b2c9-e9aa5f23fb11.jpeg;Petz Avenida das Americas;RIO DE JANEIRO;RJ;3;True;2024-10-12;3;FILHOTE
4700463;JOÃO GUILHERME;MALE;Pequeno;7221595;2024-01-01;4.0;https://s3.amazonaws.com/petz-cdm-stg/feb3e708-98b0-4bb5-a21f-b65ed21ea552.jpeg;Petz Salvador Bonocô;SALVADOR;BA;10;True;2024-10-12;0;FILHOTE
4691348;Juca;MALE;Pequeno;7209190;2023-09-29;5.0;https://s3.amazonaws.com/petz-cdm-stg/fffc1320-efdc-4def-b5bb-13da2563862f.jpeg;Petz Ricardo Jafet 24h;SAO PAULO;SP;13;False;2024-10-12;0;JUNIOR
4344723;Leonardo;MALE;Pequeno;6777940;2023-04-01;3.0;https://s3.amazonaws.com/petz-cdm-stg/47e0c2b2-9dcf-4573-bbbc-6e1ab3142130.jpeg;Petz Salvador Paralela;SALVADOR;BA;19;False;2024-10-12;2;JUNIOR
4499097;Luan;MALE;Pequeno;6965328;2023-12-15;2.0;https://s3.amazonaws.com/petz-cdm-stg/be502520-e521-45d6-81af-6c0a166952a7.jpeg;Petz Radial Leste;SAO PAULO;SP;10;True;2024-10-12;2;FILHOTE
4692302;Lyon ;MALE;Pequeno;7210441;2024-07-01;13.0;https://s3.amazonaws.com/petz-cdm-stg/53296f28-b86c-422e-9a51-0aa2b9f78763.jpeg;Petz Gravatai;GRAVATAI;RS;4;True;2024-10-12;0;FILHOTE
4546160;Mandy;FEMALE;Pequeno;7024057;2023-01-10;5.0;https://s3.amazonaws.com/petz-cdm-stg/cdf64533-6b6a-4076-bc8f-6793da55f7fd.jpeg;Petz Bosque Maia;GUARULHOS;SP;21;False;2024-10-12;0;JUNIOR
4701357;MANOELA ;FEMALE;Pequeno;7222769;2024-01-05;2.0;https://s3.amazonaws.com/petz-cdm-stg/e7af748e-a0bb-4925-9ab5-4403d9139d05.jpeg;Petz Bosque Maia;GUARULHOS;SP;10;True;2024-10-12;0;FILHOTE
4697977;Matias ;MALE;Pequeno;7218183;2024-05-29;3.0;https://s3.amazonaws.com/petz-cdm-stg/f5a17386-878b-4013-8e91-1dd78ad87250.jpeg;Petz Aracaju;ARACAJU;SE;5;True;2024-10-12;0;FILHOTE
4701065;Maurício;MALE;Pequeno;7222385;2024-08-11;1.0;https://s3.amazonaws.com/petz-cdm-stg/2c29de02-48d4-42c6-9a82-31bb49527f8e.jpeg;Petz Ricardo Jafet 24h;SAO PAULO;SP;2;True;2024-10-12;0;FILHOTE
4633974;medina;MALE;Pequeno;7134884;2024-05-01;2.0;https://s3.amazonaws.com/petz-cdm-stg/85d2396a-db0a-4ee9-8ef9-a1bdd8e9f120.jpeg;Petz Salvador Bonocô;SALVADOR;BA;6;True;2024-10-12;2;FILHOTE
4575931;Menino;MALE;Pequeno;7061062;2023-05-23;0.0;https://s3.amazonaws.com/petz-cdm-stg/c8e1a447-0307-418f-9f1e-15669dc9c8c1.jpeg;Petz Salvador Paralela;SALVADOR;BA;17;False;2024-10-12;0;JUNIOR
4499103;Mike;MALE;Pequeno;6965334;2023-12-25;2.0;https://s3.amazonaws.com/petz-cdm-stg/ad98874c-d033-4d03-a1ca-8bb5458f6e53.jpeg;Petz Radial Leste;SAO PAULO;SP;10;True;2024-10-12;2;FILHOTE
4692300;Myon;MALE;Pequeno;7210442;2024-07-01;13.0;https://s3.amazonaws.com/petz-cdm-stg/d8a3105f-9eb1-4b52-b957-e21dfc9eb278.jpeg;Petz Gravatai;GRAVATAI;RS;4;True;2024-10-12;2;FILHOTE
4698738;Niko;MALE;Pequeno;7219295;2024-03-08;1.0;https://s3.amazonaws.com/petz-cdm-stg/f12227ba-d2ad-4a74-b374-4fac6706bb1e.jpeg;Petz Congonhas;SAO PAULO;SP;7;True;2024-10-12;0;FILHOTE
4692299;Nyna;FEMALE;Pequeno;7210439;2024-05-06;0.26;https://s3.amazonaws.com/petz-cdm-stg/0904825b-5972-4c65-bf8f-50da42c046a9.jpeg;Petz Gravatai;GRAVATAI;RS;5;True;2024-10-12;0;FILHOTE
4698707;Perola;FEMALE;Pequeno;7219265;2024-05-01;3.0;https://s3.amazonaws.com/petz-cdm-stg/784c17df-cbcb-421c-95d6-fb7d0484f8dc.jpeg;Petz Congonhas;SAO PAULO;SP;6;True;2024-10-12;0;FILHOTE
4701370;RAIANE ;FEMALE;Pequeno;7222779;2023-08-10;4.0;https://s3.amazonaws.com/petz-cdm-stg/1b591ece-13ac-483f-8138-095f682eb9e3.jpeg;Petz Bosque Maia;GUARULHOS;SP;14;False;2024-10-12;0;JUNIOR
4700655;Simone;FEMALE;Pequeno;7221822;2024-05-01;5.0;https://s3.amazonaws.com/petz-cdm-stg/32ffaba0-13bf-4f7a-96cf-6046d2b51ff0.jpeg;Petz Congonhas;SAO PAULO;SP;6;True;2024-10-12;0;FILHOTE
4699683;Teco;MALE;Pequeno;7220562;2024-06-10;4.0;https://s3.amazonaws.com/petz-cdm-stg/cff8e336-3319-476b-906e-db18dea7ed8d.jpeg;Petz Santo André;SANTO ANDRE;SP;4;True;2024-10-12;0;FILHOTE
4698871;TIGRADO;MALE;Pequeno;7219457;2023-03-24;3.0;https://s3.amazonaws.com/petz-cdm-stg/8b05aa55-4308-4b1a-97bb-bb3dd45b17eb.jpeg;Petz Hortolandia;HORTOLANDIA;SP;19;False;2024-10-12;3;JUNIOR
4695834;Topázio;FEMALE;Pequeno;7215231;2024-03-15;4.0;https://s3.amazonaws.com/petz-cdm-stg/07afc2d5-a8ef-47d3-a75d-fe89a99cfd31.jpeg;Petz Canoas;CANOAS;RS;7;True;2024-10-12;2;FILHOTE
4698710;val;MALE;Pequeno;7219267;2024-07-07;1.0;https://s3.amazonaws.com/petz-cdm-stg/a550e361-93f3-464e-a8df-97d79673ca0e.jpeg;Petz Barra Américas;RIO DE JANEIRO;RJ;3;True;2024-10-12;3;FILHOTE
4698715;Valeria;FEMALE;Pequeno;7219271;2024-07-07;1.0;https://s3.amazonaws.com/petz-cdm-stg/cff6bffb-dcab-45fa-9795-73ca77fcefe0.jpeg;Petz Barra Américas;RIO DE JANEIRO;RJ;3;True;2024-10-12;3;FILHOTE
4698712;vânia;FEMALE;Pequeno;7219269;2024-07-07;1.0;https://s3.amazonaws.com/petz-cdm-stg/84d40c1f-306d-4e1a-a1d9-f3e40fc76683.jpeg;Petz Barra Américas;RIO DE JANEIRO;RJ;3;True;2024-10-12;3;FILHOTE
4707916;AURORA ;FEMALE;Pequeno;7231611;2023-10-25;3.0;https://s3.amazonaws.com/petz-cdm-stg/68323fd3-bb33-404d-b4f3-7029aa7928e6.jpeg;Petz Bosque Maia;GUARULHOS;SP;12;False;2024-10-19;1;JUNIOR
4707499;Batata Hasselback;FEMALE;Pequeno;7231141;2024-07-10;2.0;https://s3.amazonaws.com/petz-cdm-stg/b586a038-50ac-4a6e-b92e-833cfee91229.jpeg;Petz Morumbi;SAO PAULO;SP;3;True;2024-10-19;1;FILHOTE
4707505;Batata Rosti;MALE;Pequeno;7231146;2024-07-10;2.0;https://s3.amazonaws.com/petz-cdm-stg/a61761c3-554d-4bcc-813b-9b7dc7b85413.jpeg;Petz Morumbi;SAO PAULO;SP;3;True;2024-10-19;0;FILHOTE
4707493;Batata Sauté;MALE;Pequeno;7231137;2024-07-10;2.0;https://s3.amazonaws.com/petz-cdm-stg/c63cafe9-b6aa-4a7d-80a0-9950941e9b0f.jpeg;Petz Morumbi;SAO PAULO;SP;3;True;2024-10-19;0;FILHOTE
4706655;Belinho;MALE;Pequeno;7230074;2022-10-01;0.0;https://s3.amazonaws.com/petz-cdm-stg/35fddaa2-0bba-417f-89ba-98fea383360e.jpeg;Petz Campo Grande;CAMPO GRANDE;MS;25;False;2024-10-19;3;ADULTO
4700418;Bon jovi;MALE;Pequeno;7221546;2021-10-01;3.0;https://s3.amazonaws.com/petz-cdm-stg/9915120b-7f53-4ad9-9e2c-2bca19bceb85.jpeg;Petz Osasco;OSASCO;SP;37;False;2024-10-19;1;ADULTO
4707527;Brian;MALE;Pequeno;7231171;2023-10-12;3.0;https://s3.amazonaws.com/petz-cdm-stg/2b659e6d-8afd-4772-a2e2-d0ab1a9cfa3a.jpeg;Petz Anália Franco;SAO PAULO;SP;12;False;2024-10-19;1;JUNIOR
4706825;CHURRASCO;MALE;Pequeno;7230286;2019-01-21;5.0;https://s3.amazonaws.com/petz-cdm-stg/4d024e06-aee1-41a0-8275-9fe2011de579.jpeg;Petz Aricanduva;SAO PAULO;SP;69;False;2024-10-19;0;ADULTO
4673823;Clebinho;MALE;Pequeno;7186608;2024-03-22;2.0;https://s3.amazonaws.com/petz-cdm-stg/d8d8be50-825d-46d4-b0ef-77d98d48fe05.jpeg;Petz Pampulha;BELO HORIZONTE;MG;7;True;2024-10-19;3;FILHOTE
4699600;Dicinho;FEMALE;Pequeno;7220461;2024-07-25;2.0;https://s3.amazonaws.com/petz-cdm-stg/afccc4c5-c20b-464d-b03a-79c46e888b8a.jpeg;Petz Osasco;OSASCO;SP;3;True;2024-10-19;3;FILHOTE
4701666;Fagottini;FEMALE;Pequeno;7223122;2024-02-05;3.1;https://s3.amazonaws.com/petz-cdm-stg/a5dc9b85-5097-48a0-95fd-538093b6580f.jpeg;Petz Morumbi;SAO PAULO;SP;9;True;2024-10-19;1;FILHOTE
4699594;Florzinha ;FEMALE;Pequeno;7220455;2024-07-25;2.0;https://s3.amazonaws.com/petz-cdm-stg/3059bb2c-3530-497f-b419-bba7b437d6ee.jpeg;Petz Osasco;OSASCO;SP;3;True;2024-10-19;1;FILHOTE
4706032;Frida;FEMALE;Pequeno;7229315;2024-05-29;3.0;https://s3.amazonaws.com/petz-cdm-stg/0a22e631-bbe9-44d9-9c33-5fe3614f83db.jpeg;Petz Aracaju;ARACAJU;SE;5;True;2024-10-19;2;FILHOTE
4702560;GAYA;FEMALE;Pequeno;7224446;2023-10-10;3.0;https://s3.amazonaws.com/petz-cdm-stg/059acbf9-dc2d-4434-bc48-77b92954a910.jpeg;Petz Pacaembu;SAO PAULO;SP;12;False;2024-10-19;1;JUNIOR
4701625;Greice;FEMALE;Pequeno;7223071;2023-10-09;3.0;https://s3.amazonaws.com/petz-cdm-stg/e441a7e6-9069-4604-901e-f7a940203cec.jpeg;Petz Cerro Cora;SAO PAULO;SP;12;False;2024-10-19;1;JUNIOR
4701268;grey;MALE;Pequeno;7222651;2024-07-12;1.0;https://s3.amazonaws.com/petz-cdm-stg/025c1479-b046-4b31-b927-26873fa4bb26.jpeg;Petz Avenida das Americas;RIO DE JANEIRO;RJ;3;True;2024-10-19;2;FILHOTE
4516227;Heitor;MALE;Pequeno;6986811;2023-12-17;1.0;https://s3.amazonaws.com/petz-cdm-stg/c0257451-d871-4002-b91d-6c93655854fe.jpeg;Petz Betim;BETIM;MG;10;True;2024-10-19;2;FILHOTE
4701603;Imperatriz;FEMALE;Pequeno;7223046;2022-10-09;3.0;https://s3.amazonaws.com/petz-cdm-stg/faae28f5-7c47-4ee4-8add-153c49a228ac.jpeg;Petz Cerro Cora;SAO PAULO;SP;24;False;2024-10-19;2;ADULTO
4619948;Jabucatiba;FEMALE;Pequeno;7117533;2023-08-21;3.0;https://s3.amazonaws.com/petz-cdm-stg/3bcac912-fd74-4292-b0be-d091278e2b3b.jpeg;Petz Aldeota;FORTALEZA;CE;14;False;2024-10-19;2;JUNIOR
4701615;Jacinto;MALE;Pequeno;7223060;2023-06-01;3.0;https://s3.amazonaws.com/petz-cdm-stg/ded2e468-8c0b-4c7c-8164-80b3889998e9.jpeg;Petz Cerro Cora;SAO PAULO;SP;17;False;2024-10-19;3;JUNIOR
4706037;Joelma;FEMALE;Pequeno;7229321;2024-05-29;3.0;https://s3.amazonaws.com/petz-cdm-stg/9b3b56af-1f16-4368-8edf-3bdb486f8b82.jpeg;Petz Aracaju;ARACAJU;SE;5;True;2024-10-19;0;FILHOTE
4706784;juliano;MALE;Pequeno;7230240;2024-04-01;3.0;https://s3.amazonaws.com/petz-cdm-stg/d32d96d4-69ec-4b66-83ec-7c98b7f20924.jpeg;Petz Salvador Bonocô;SALVADOR;BA;7;True;2024-10-19;1;FILHOTE
4706430;LAURA;FEMALE;Pequeno;7229848;2023-09-13;3.0;https://s3.amazonaws.com/petz-cdm-stg/613768bd-e099-4b52-bc43-a95f70694cb9.jpeg;Petz Ricardo Jafet 24h;SAO PAULO;SP;13;False;2024-10-19;1;JUNIOR
4701485;Levi;FEMALE;Pequeno;7222913;2023-10-10;4.0;https://s3.amazonaws.com/petz-cdm-stg/a28931ed-3bc6-4015-b7e9-6a75519e3fcb.jpeg;Petz Piracicaba;PIRACICABA;SP;12;False;2024-10-19;1;JUNIOR
4701433;LILI;FEMALE;Pequeno;7222856;2024-02-10;3.0;https://s3.amazonaws.com/petz-cdm-stg/59b7e2e3-a4a5-46b3-a495-c55e687bc5cd.jpeg;Petz João Firmino;SAO BERNARDO DO CAMPO;SP;8;True;2024-10-19;3;FILHOTE
4710172;LILICA;FEMALE;Pequeno;7234869;2024-07-14;2.0;https://s3.amazonaws.com/petz-cdm-stg/60e84047-21bf-4076-adfc-4b93deba291b.jpeg;Petz Aricanduva;SAO PAULO;SP;3;True;2024-10-19;0;FILHOTE
4710176;LINCE;MALE;Pequeno;7234873;2024-07-14;2.0;https://s3.amazonaws.com/petz-cdm-stg/46db6206-b8ef-49e1-9176-d59a8a5f5ae0.jpeg;Petz Aricanduva;SAO PAULO;SP;3;True;2024-10-19;2;FILHOTE
4701654;Loewe;FEMALE;Pequeno;7223102;2024-07-21;2.0;https://s3.amazonaws.com/petz-cdm-stg/d9ab6384-0878-44c7-ba83-77f607f0f769.jpeg;Petz Cerro Cora;SAO PAULO;SP;3;True;2024-10-19;0;FILHOTE
4701680;Lord;MALE;Pequeno;7223136;2024-04-15;3.0;https://s3.amazonaws.com/petz-cdm-stg/0fd265fd-eb2e-4d28-850b-f4db619a2a63.jpeg;Petz Limão;SAO PAULO;SP;6;True;2024-10-19;3;FILHOTE
4706794;LORE;FEMALE;Pequeno;7230253;2024-06-01;3.0;https://s3.amazonaws.com/petz-cdm-stg/7aac3489-bd66-45c4-bb18-ca529bc2b7cc.jpeg;Petz Salvador Bonocô;SALVADOR;BA;5;True;2024-10-19;2;FILHOTE
4701588;Louboutin;FEMALE;Pequeno;7223026;2024-07-21;2.0;https://s3.amazonaws.com/petz-cdm-stg/dbf3abc6-2a22-4645-aa1b-fff3bab22955.jpeg;Petz Cerro Cora;SAO PAULO;SP;3;True;2024-10-19;0;FILHOTE
4710181;LUCKY;MALE;Pequeno;7234876;2024-07-14;2.0;https://s3.amazonaws.com/petz-cdm-stg/13f93897-d72c-49cd-a6ba-ea19790db996.jpeg;Petz Aricanduva;SAO PAULO;SP;3;True;2024-10-19;1;FILHOTE
4710380;MACABEA;FEMALE;Pequeno;7235151;2017-10-15;3.0;https://s3.amazonaws.com/petz-cdm-stg/01663669-9431-432c-8ba2-d53de808049c.jpeg;Petz Ricardo Jafet 24h;SAO PAULO;SP;84;False;2024-10-19;2;SENIOR
4662172;Mandolate;MALE;Pequeno;7171378;2024-05-01;2.0;https://s3.amazonaws.com/petz-cdm-stg/209ee90d-87b5-4286-b92c-f7a6a642da72.jpeg;Petz Salvador Bonocô;SALVADOR;BA;6;True;2024-10-19;2;FILHOTE
4700292;marrye;FEMALE;Pequeno;7221388;2024-01-05;2.0;https://s3.amazonaws.com/petz-cdm-stg/fe4fe8b3-92fc-4ad7-aefa-2ed435ec4625.jpeg;Petz Asa Norte;BRASILIA;DF;10;True;2024-10-19;1;FILHOTE
4701665;Mezzaluna;FEMALE;Pequeno;7223121;2024-02-15;3.0;https://s3.amazonaws.com/petz-cdm-stg/00a6f995-ee84-4ca3-b883-8ea2a2be5772.jpeg;Petz Morumbi;SAO PAULO;SP;8;True;2024-10-19;1;FILHOTE
4711053;Miagui;MALE;Pequeno;7236103;2024-08-01;1.0;https://s3.amazonaws.com/petz-cdm-stg/2bc2aa32-20c9-4e42-860c-7874c6c92fe7.jpeg;Petz Congonhas;SAO PAULO;SP;3;True;2024-10-19;0;FILHOTE
4701301;MINGAU;MALE;Pequeno;7222694;2022-01-22;3.0;https://s3.amazonaws.com/petz-cdm-stg/a1d17ef0-f909-41c0-a66b-16579351dbe7.jpeg;Petz João Firmino;SAO BERNARDO DO CAMPO;SP;33;False;2024-10-19;3;ADULTO
4701309;NARIZINHA;FEMALE;Pequeno;7222704;2022-01-01;3.0;https://s3.amazonaws.com/petz-cdm-stg/a6240235-61d2-4ade-93d9-97ee274da819.jpeg;Petz João Firmino;SAO BERNARDO DO CAMPO;SP;34;False;2024-10-19;3;ADULTO
4687864;Nena;FEMALE;Pequeno;7204512;2024-01-01;3.0;https://s3.amazonaws.com/petz-cdm-stg/8deb155a-c844-403f-a6ea-ef208354c2e3.jpeg;Petz Salvador Bonocô;SALVADOR;BA;10;True;2024-10-19;3;FILHOTE
4699776;Nerp;MALE;Pequeno;7220681;2022-08-23;5.0;https://s3.amazonaws.com/petz-cdm-stg/61e48948-3c1c-4901-b57b-1ebb782616f8.jpeg;Petz Hortolandia;HORTOLANDIA;SP;26;False;2024-10-19;2;ADULTO
4711057;Obento;MALE;Pequeno;7236105;2024-08-01;1.0;https://s3.amazonaws.com/petz-cdm-stg/276efa7e-2005-40c5-bfd2-a95f145fd0b7.jpeg;Petz Congonhas;SAO PAULO;SP;3;True;2024-10-19;0;FILHOTE
4598379;Octavio;MALE;Pequeno;7090023;2024-03-10;1.0;https://s3.amazonaws.com/petz-cdm-stg/890f0fe7-5803-4b11-9a04-a62a984ea139.jpeg;Petz Osasco;OSASCO;SP;7;True;2024-10-19;3;FILHOTE
4706516;Poppy ;FEMALE;Pequeno;7229939;2023-11-01;4.0;https://s3.amazonaws.com/petz-cdm-stg/1efea5dc-b130-4c49-96ce-a7618f275ded.jpeg;Petz Augusta;SAO PAULO;SP;12;False;2024-10-19;3;JUNIOR
4698970;Pudim;MALE;Pequeno;7219592;2024-01-07;4.0;https://s3.amazonaws.com/petz-cdm-stg/b6e5e515-3b0c-4b90-8942-4bdd4ffbece9.jpeg;Petz Sorocaba;SOROCABA;SP;9;True;2024-10-19;1;FILHOTE
4707909;RONI ;MALE;Pequeno;7231602;2023-10-20;4.0;https://s3.amazonaws.com/petz-cdm-stg/2a4ac790-3647-45de-a1e2-c9967a575ef2.jpeg;Petz Bosque Maia;GUARULHOS;SP;12;False;2024-10-19;2;JUNIOR
4707524;Safira;FEMALE;Pequeno;7231172;2023-10-12;2.0;https://s3.amazonaws.com/petz-cdm-stg/82130e02-0024-4a4b-9279-42199e6645d0.jpeg;Petz Anália Franco;SAO PAULO;SP;12;False;2024-10-19;0;JUNIOR
4701487;Sophia;FEMALE;Pequeno;7222915;2023-10-10;2.0;https://s3.amazonaws.com/petz-cdm-stg/91164a50-b768-465b-9a91-332bad61046c.jpeg;Petz Piracicaba;PIRACICABA;SP;12;False;2024-10-19;0;JUNIOR
4707525;Tar Palantir ;MALE;Pequeno;7231168;2024-01-29;2.0;https://s3.amazonaws.com/petz-cdm-stg/d39a125f-0dc5-4300-9048-f9f91e2659a6.jpeg;Petz Anália Franco;SAO PAULO;SP;9;True;2024-10-19;0;FILHOTE
4695032;Tutti;MALE;Pequeno;7214212;2022-06-14;4.0;https://s3.amazonaws.com/petz-cdm-stg/51ab311b-639f-41ed-acf0-258349dee6a9.jpeg;Petz Rio Claro;RIO CLARO;SP;28;False;2024-10-19;1;ADULTO
4707910;Vênus ;FEMALE;Pequeno;7231605;2023-10-25;4.0;https://s3.amazonaws.com/petz-cdm-stg/17782835-c1ec-498f-8024-9c2dbb0fe375.jpeg;Petz Bosque Maia;GUARULHOS;SP;12;False;2024-10-19;2;JUNIOR
4707526;Victor Strand;MALE;Pequeno;7231170;2023-10-15;3.0;https://s3.amazonaws.com/petz-cdm-stg/fff27efc-50db-4fb7-8c6e-1ac06f702aff.jpeg;Petz Anália Franco;SAO PAULO;SP;12;False;2024-10-19;2;JUNIOR
4708391;Vidinha ;FEMALE;Pequeno;7232303;2024-07-07;1.0;https://s3.amazonaws.com/petz-cdm-stg/354a8f1c-984e-42b1-a806-7d6963dde9d2.jpeg;Petz Avenida das Americas;RIO DE JANEIRO;RJ;3;True;2024-10-19;1;FILHOTE
4708378;Vitor ;MALE;Pequeno;7232290;2024-07-07;1.0;https://s3.amazonaws.com/petz-cdm-stg/6a138347-2304-4fd4-8e6b-62d0a43de114.jpeg;Petz Avenida das Americas;RIO DE JANEIRO;RJ;3;True;2024-10-19;0;FILHOTE
4711045;Yago;MALE;Pequeno;7236088;2024-07-12;1.0;https://s3.amazonaws.com/petz-cdm-stg/225fe0a7-7366-4987-807f-065d1d2c5d1c.jpeg;Petz Congonhas;SAO PAULO;SP;3;True;2024-10-19;1;FILHOTE
4711042;Yumi;FEMALE;Pequeno;7236079;2024-07-12;1.0;https://s3.amazonaws.com/petz-cdm-stg/7aa6da59-349a-436e-bca7-b94c46e5c1fa.jpeg;Petz Congonhas;SAO PAULO;SP;3;True;2024-10-19;2;FILHOTE
4701225;ZANGADA ;FEMALE;Pequeno;7222604;2022-01-29;3.9;https://s3.amazonaws.com/petz-cdm-stg/5bf683a7-ed18-48b2-afe9-f6cda47b172b.jpeg;Petz João Firmino;SAO BERNARDO DO CAMPO;SP;33;False;2024-10-19;3;ADULTO
4712904;Capitu ;FEMALE;Pequeno;7238539;2024-08-20;1.0;https://s3.amazonaws.com/petz-cdm-stg/01383e32-df5d-41bc-8dda-20eca898ca64.jpeg;Petz Nossa Senhora do Carmo;BELO HORIZONTE;MG;2;True;2024-10-26;1;FILHOTE
4713561;Cebolinha;MALE;Pequeno;7239369;2024-05-20;2.0;https://s3.amazonaws.com/petz-cdm-stg/03cdb72a-c92b-4af9-b98b-e58e6c248b9c.jpeg;Petz Tamboré;BARUERI;SP;5;True;2024-10-26;3;FILHOTE
4712905;DOMINIQUE;FEMALE;Pequeno;7238541;2024-06-01;0.2;https://s3.amazonaws.com/petz-cdm-stg/7f1fe847-e4ef-40ed-acde-cfcb1874b0d4.jpeg;Petz Salvador Bonocô;SALVADOR;BA;5;True;2024-10-26;0;FILHOTE
4713564;Eduqrdo;MALE;Pequeno;7239370;2024-05-20;2.0;https://s3.amazonaws.com/petz-cdm-stg/e7a7f3ee-cf29-404e-ac15-30b0aac10ea3.jpeg;Petz Tamboré;BARUERI;SP;5;True;2024-10-26;1;FILHOTE
4712027;ENZO;MALE;Pequeno;7237358;2024-08-05;2.0;https://s3.amazonaws.com/petz-cdm-stg/6cfc8741-e2c5-4c8d-8295-ce62332908b4.jpeg;Petz W3 Norte;BRASILIA;DF;3;True;2024-10-26;3;FILHOTE
4712910;Gaia ;FEMALE;Pequeno;7238547;2024-08-20;1.0;https://s3.amazonaws.com/petz-cdm-stg/67a7cf8b-ebf2-4e69-8a48-d8db866f8dbc.jpeg;Petz Nossa Senhora do Carmo;BELO HORIZONTE;MG;2;True;2024-10-26;0;FILHOTE
4236431;Hanna;FEMALE;Pequeno;6617094;2023-04-10;1.0;https://s3.amazonaws.com/petz-cdm-stg/c8800387-f396-42f1-b3dc-08208ff9d28b.jpeg;Petz Extra Maracanã;RIO DE JANEIRO;RJ;18;False;2024-10-26;2;JUNIOR
4712936;Jane;FEMALE;Pequeno;7238578;2024-04-01;3.0;https://s3.amazonaws.com/petz-cdm-stg/da1bc1f7-5382-4a04-9624-9f7647dd806c.jpeg;Petz Salvador Bonocô;SALVADOR;BA;7;True;2024-10-26;3;FILHOTE
4712993;JERRY ;MALE;Pequeno;7238630;2023-10-10;4.0;https://s3.amazonaws.com/petz-cdm-stg/9a1695ea-57b0-43f5-af7c-919e8ecf26e9.jpeg;Petz Bosque Maia;GUARULHOS;SP;12;False;2024-10-26;3;JUNIOR
4712086;Joaquina;FEMALE;Pequeno;7237423;2023-10-20;5.0;https://s3.amazonaws.com/petz-cdm-stg/f3b757c3-9fb2-4137-9aad-fa4623ee0208.jpeg;Petz Santo André;SANTO ANDRE;SP;12;False;2024-10-26;2;JUNIOR
4705858;Katita;FEMALE;Pequeno;7229077;2024-06-20;1.0;https://s3.amazonaws.com/petz-cdm-stg/bb9a557b-e8b3-4e3d-b0b9-0d323844eb13.jpeg;Petz Carrefour Manilha;SAO GONCALO;RJ;4;True;2024-10-26;0;FILHOTE
4713305;LILIANA;FEMALE;Pequeno;7239012;2024-07-10;1.0;https://s3.amazonaws.com/petz-cdm-stg/f2484de2-e379-4f06-838e-3bb8146cfa9a.jpeg;Petz Ricardo Jafet 24h;SAO PAULO;SP;3;True;2024-10-26;0;FILHOTE
4704834;LILICA;FEMALE;Pequeno;7227749;2020-01-01;3.0;https://s3.amazonaws.com/petz-cdm-stg/cba24bf1-9dd1-400a-bcd0-f69e84a32635.jpeg;Petz Rio Claro;RIO CLARO;SP;58;False;2024-10-26;2;ADULTO
4712927;LUCCA;MALE;Pequeno;7238568;2024-07-30;2.0;https://s3.amazonaws.com/petz-cdm-stg/c969bcaf-0279-4ca9-a2cf-63c83ea041d0.jpeg;Petz Salvador Bonocô;SALVADOR;BA;3;True;2024-10-26;1;FILHOTE
4713557;Magali;FEMALE;Pequeno;7239365;2024-05-20;2.0;https://s3.amazonaws.com/petz-cdm-stg/2e7508e4-f1de-41a9-a827-246240ae9dfa.jpeg;Petz Tamboré;BARUERI;SP;5;True;2024-10-26;0;FILHOTE
4712935;Mary;FEMALE;Pequeno;7238576;2024-01-01;3.0;https://s3.amazonaws.com/petz-cdm-stg/064011a4-b032-4a1a-b25d-3bb96cedfbdb.jpeg;Petz Salvador Bonocô;SALVADOR;BA;10;True;2024-10-26;0;FILHOTE
4691606;Mavie;MALE;Pequeno;7209513;2024-02-26;2.0;https://s3.amazonaws.com/petz-cdm-stg/7495ba4a-4af9-4220-8d72-b924817c1f8f.jpeg;Petz Palmas;PALMAS;TO;8;True;2024-10-26;1;FILHOTE
4712528;MENINA;FEMALE;Pequeno;7238065;2022-10-18;3.0;https://s3.amazonaws.com/petz-cdm-stg/e8206434-3eb8-429d-892b-7214f4169546.jpeg;Petz Ricardo Jafet 24h;SAO PAULO;SP;24;False;2024-10-26;0;ADULTO
4713760;Mia ;FEMALE;Pequeno;7239618;2024-08-22;3.0;https://s3.amazonaws.com/petz-cdm-stg/96d02369-6a22-4cf1-9bce-0a9165e036c8.jpeg;Petz Uberlândia;UBERLANDIA;MG;2;True;2024-10-26;0;FILHOTE
4712917;Mingau ;MALE;Pequeno;7238555;2024-08-20;1.0;https://s3.amazonaws.com/petz-cdm-stg/438b7820-800e-4a5d-95d4-9fe3bbc27981.jpeg;Petz Nossa Senhora do Carmo;BELO HORIZONTE;MG;2;True;2024-10-26;2;FILHOTE
4713556;Moniva;FEMALE;Pequeno;7239361;2024-05-20;2.0;https://s3.amazonaws.com/petz-cdm-stg/87245537-c258-4dc0-a9a7-7d4c79759431.jpeg;Petz Tamboré;BARUERI;SP;5;True;2024-10-26;0;FILHOTE
4677644;Morgan;FEMALE;Pequeno;7190554;2024-04-10;0.0;https://s3.amazonaws.com/petz-cdm-stg/e75c8520-cdc7-4464-b271-b7ff3d828d20.jpeg;Petz Gastão Vidigal;SAO PAULO;SP;6;True;2024-10-26;0;FILHOTE
4698643;Névoa;FEMALE;Pequeno;7219188;2023-06-29;5.0;https://s3.amazonaws.com/petz-cdm-stg/9f512c65-e2a8-4b63-b20d-d3da8f2882ba.jpeg;Petz Extra Maracanã;RIO DE JANEIRO;RJ;16;False;2024-10-26;2;JUNIOR
4712720;PANDA;MALE;Pequeno;7238289;2023-10-10;3.0;https://s3.amazonaws.com/petz-cdm-stg/735ad670-7440-48c1-9340-d829abebf42b.jpeg;Petz Pacaembu;SAO PAULO;SP;12;False;2024-10-26;0;JUNIOR
4712926;Petra ;FEMALE;Pequeno;7238566;2024-08-20;1.0;https://s3.amazonaws.com/petz-cdm-stg/5d3dc92a-ef70-46c2-a2f3-4d9c15b0a4cd.jpeg;Petz Nossa Senhora do Carmo;BELO HORIZONTE;MG;2;True;2024-10-26;0;FILHOTE
4705859;selene;FEMALE;Pequeno;7229078;2024-02-20;2.0;https://s3.amazonaws.com/petz-cdm-stg/de2d5d80-de6d-4899-ad05-ce4ec2c14d17.jpeg;Petz Carrefour Manilha;SAO GONCALO;RJ;8;True;2024-10-26;0;FILHOTE
4711691;TERESA;FEMALE;Pequeno;7236982;2024-01-11;3.0;https://s3.amazonaws.com/petz-cdm-stg/e40f87ec-5169-4b05-b678-6b06fbf20d08.jpeg;Petz Ricardo Jafet 24h;SAO PAULO;SP;9;True;2024-10-26;0;FILHOTE
4711201;Tigrinho;MALE;Pequeno;7236287;2024-01-15;4.0;https://s3.amazonaws.com/petz-cdm-stg/20dbd1e0-df81-4487-9460-47c3e844ad70.jpeg;Petz Vila Isabel;RIO DE JANEIRO;RJ;9;True;2024-10-26;0;FILHOTE
4057566;ZAACK;MALE;Pequeno;6385691;2022-10-10;3.0;https://s3.amazonaws.com/petz-cdm-stg/9df7609b-1216-4a19-a8e6-c287caffe0d0.jpeg;Petz Santo André;SANTO ANDRE;SP;24;False;2024-10-26;2;ADULTO
4605351;Anne;FEMALE;Pequeno;7099304;2024-03-29;1.0;https://s3.amazonaws.com/petz-cdm-stg/a082410b-954f-44e0-a134-bd78cfb2f524.jpeg;Petz Washington Soares;FORTALEZA;CE;7;True;2024-11-02;3;FILHOTE
4620490;BABALU;FEMALE;Pequeno;7118166;2024-04-05;1.0;https://s3.amazonaws.com/petz-cdm-stg/154bf1e5-ca9b-4536-8676-b92b7f3dd580.jpeg;Petz Extra Maracanã;RIO DE JANEIRO;RJ;7;True;2024-11-02;3;FILHOTE
4718674;Bianca;FEMALE;Pequeno;7246639;2023-11-20;0.3;https://s3.amazonaws.com/petz-cdm-stg/d199c38e-e4de-4e25-a6c4-469efb01a85d.jpeg;Petz Radial Leste;SAO PAULO;SP;11;True;2024-11-02;1;FILHOTE
4717963;Bidu;MALE;Pequeno;7245599;2024-08-05;2.0;https://s3.amazonaws.com/petz-cdm-stg/0c9b0829-abbb-43c5-8bc4-78fd3a671d01.jpeg;Petz Congonhas;SAO PAULO;SP;3;True;2024-11-02;0;FILHOTE
4719714;Bombom;FEMALE;Pequeno;7248128;2023-11-01;3.0;https://s3.amazonaws.com/petz-cdm-stg/f7d40aa3-13e6-44ee-91b8-396798255267.jpeg;Petz Giovanni Gronchi;SAO PAULO;SP;12;False;2024-11-02;1;JUNIOR
4718730;Chanel;FEMALE;Pequeno;7246711;2024-05-10;2.0;https://s3.amazonaws.com/petz-cdm-stg/a599ce99-10b7-4fe1-ad1b-56c64720d3d1.jpeg;Petz Osasco;OSASCO;SP;5;True;2024-11-02;0;FILHOTE
4604340;Colin;MALE;Pequeno;7097933;2024-02-15;2.0;https://s3.amazonaws.com/petz-cdm-stg/4bf7f837-8a03-4ac5-acbf-92009b120772.jpeg;Petz Extra Maracanã;RIO DE JANEIRO;RJ;8;True;2024-11-02;1;FILHOTE
4620511;DALILA;FEMALE;Pequeno;7118194;2023-06-13;3.0;https://s3.amazonaws.com/petz-cdm-stg/b7e30fc7-5273-4d7a-9e33-077faaaef9a4.jpeg;Petz Extra Maracanã;RIO DE JANEIRO;RJ;16;False;2024-11-02;3;JUNIOR
4712040;DOMINÓ ;FEMALE;Pequeno;7237366;2024-09-10;2.0;https://s3.amazonaws.com/petz-cdm-stg/9bae0341-8911-48c0-a9f2-8e43851d7059.jpeg;Petz W3 Norte;BRASILIA;DF;1;True;2024-11-02;1;FILHOTE
4713547;Dunia;FEMALE;Pequeno;7239348;2024-03-15;4.0;https://s3.amazonaws.com/petz-cdm-stg/d1c6edc2-86d1-4ac2-b759-17a085870720.jpeg;Petz Augusta;SAO PAULO;SP;7;True;2024-11-02;1;FILHOTE
4676060;Florença ;FEMALE;Pequeno;7189438;2024-02-28;3.0;https://s3.amazonaws.com/petz-cdm-stg/08daa48c-1b96-4789-856a-8f2762427629.jpeg;Petz Anhaia Mello;SAO PAULO;SP;8;True;2024-11-02;1;FILHOTE
4718686;Fumaça;MALE;Pequeno;7246655;2022-10-31;0.0;https://s3.amazonaws.com/petz-cdm-stg/4b7980bd-dca8-4fef-8193-32d877b24a5c.jpeg;Petz Bosque Maia;GUARULHOS;SP;24;False;2024-11-02;3;ADULTO
4536288;Gabi;FEMALE;Pequeno;7011893;2022-08-10;3.0;https://s3.amazonaws.com/petz-cdm-stg/eaebefcb-891a-47e0-9070-1b7f70d61fcf.jpeg;Petz Extra Maracanã;RIO DE JANEIRO;RJ;26;False;2024-11-02;2;ADULTO
4717985;Itapeva;MALE;Pequeno;7245636;2024-08-22;2.0;https://s3.amazonaws.com/petz-cdm-stg/3882e7dd-18d5-4330-be72-97d07a71cd6b.jpeg;Petz Alto da Boa Vista;SAO PAULO;SP;2;True;2024-11-02;1;FILHOTE
4676056;Jessie;FEMALE;Pequeno;7189432;2024-01-30;3.0;https://s3.amazonaws.com/petz-cdm-stg/8ef1e679-5758-4e6e-bc2c-fa2097e6d945.jpeg;Petz Anhaia Mello;SAO PAULO;SP;9;True;2024-11-02;0;FILHOTE
4716220;Juan;MALE;Pequeno;7243128;2024-08-01;2.0;https://s3.amazonaws.com/petz-cdm-stg/5a303fd4-0023-482b-b91c-7683e7ca3430.jpeg;Petz Washington Luís;SAO PAULO;SP;3;True;2024-11-02;0;FILHOTE
4713491;Justin;MALE;Pequeno;7239282;2024-05-05;4.0;https://s3.amazonaws.com/petz-cdm-stg/28bcd374-5a71-48df-a1e3-c045e4e7282c.jpeg;Petz Aracaju;ARACAJU;SE;6;True;2024-11-02;0;FILHOTE
4718701;KIKO;MALE;Pequeno;7246672;2023-12-16;4.0;https://s3.amazonaws.com/petz-cdm-stg/b6776393-b633-4c3e-a95b-ab977bb7eb5c.jpeg;Petz Marginal Tiete;SAO PAULO;SP;10;True;2024-11-02;2;FILHOTE
4716244;Lea;FEMALE;Pequeno;7243158;2024-08-01;2.0;https://s3.amazonaws.com/petz-cdm-stg/93d17768-9c9b-45b2-8a7c-eb44e8bdc0ba.jpeg;Petz Washington Luís;SAO PAULO;SP;3;True;2024-11-02;0;FILHOTE
4718125;LIA;FEMALE;Pequeno;7245807;2024-04-28;2.0;https://s3.amazonaws.com/petz-cdm-stg/3dcd2796-d6f4-4d52-8853-c6f943d08c70.jpeg;Petz Bosque Maia;GUARULHOS;SP;6;True;2024-11-02;2;FILHOTE
4718749;Lola;FEMALE;Pequeno;7246731;2024-06-10;2.0;https://s3.amazonaws.com/petz-cdm-stg/37bb4240-dbe3-4388-a961-5ac51909c965.jpeg;Petz Osasco;OSASCO;SP;4;True;2024-11-02;3;FILHOTE
4717245;Luna;FEMALE;Pequeno;7244573;2024-03-30;2.0;https://s3.amazonaws.com/petz-cdm-stg/a2f9d60e-f470-470d-846b-019a17fe513b.jpeg;Petz Washington Soares;FORTALEZA;CE;7;True;2024-11-02;3;FILHOTE
4718738;Luna;FEMALE;Pequeno;7246719;2024-06-10;2.0;https://s3.amazonaws.com/petz-cdm-stg/2da6d0e6-eed5-419a-8496-bbf5723fcea8.jpeg;Petz Osasco;OSASCO;SP;4;True;2024-11-02;1;FILHOTE
4711331;Maramora;FEMALE;Pequeno;7236420;2024-06-01;3.0;https://s3.amazonaws.com/petz-cdm-stg/321b0a1a-e361-42c3-ab31-936f1465a26a.jpeg;Petz Bandeirantes 24h;SAO PAULO;SP;5;True;2024-11-02;2;FILHOTE
4712629;Michele;FEMALE;Pequeno;7238197;2022-10-16;5.0;https://s3.amazonaws.com/petz-cdm-stg/a25b3189-4c52-4d5e-b28e-90baf0c448e0.jpeg;Petz Augusta;SAO PAULO;SP;24;False;2024-11-02;0;ADULTO
4718718;MILA;FEMALE;Pequeno;7246693;2023-10-15;4.0;https://s3.amazonaws.com/petz-cdm-stg/1ccf95f8-4b1c-4391-a687-44a0320f215c.jpeg;Petz Marginal Tiete;SAO PAULO;SP;12;False;2024-11-02;1;JUNIOR
4712044;NACHO;MALE;Pequeno;7237371;2024-09-10;2.0;https://s3.amazonaws.com/petz-cdm-stg/22ccaa2b-d6d9-4099-95c8-c6f9ab617a99.jpeg;Petz W3 Norte;BRASILIA;DF;1;True;2024-11-02;0;FILHOTE
4719641;Nenem;FEMALE;Pequeno;7248034;2023-11-01;3.0;https://s3.amazonaws.com/petz-cdm-stg/bcfe4a9c-4d4e-4ccd-83ec-4a3caa63c733.jpeg;Petz Giovanni Gronchi;SAO PAULO;SP;12;False;2024-11-02;1;JUNIOR
4711110;Panji;MALE;Pequeno;7236162;2019-08-21;3.0;https://s3.amazonaws.com/petz-cdm-stg/6ae7da33-3ff0-4a2f-a1c0-c2d8231542d5.jpeg;Petz Alto da Boa Vista;SAO PAULO;SP;62;False;2024-11-02;0;ADULTO
4711333;Pop;FEMALE;Pequeno;7236427;2023-10-20;4.0;https://s3.amazonaws.com/petz-cdm-stg/ab0794b5-abad-412d-b263-a26e00b4b6a5.jpeg;Petz Bandeirantes 24h;SAO PAULO;SP;12;False;2024-11-02;2;JUNIOR
4716229;Ravi;MALE;Pequeno;7243136;2024-08-01;2.0;https://s3.amazonaws.com/petz-cdm-stg/4890c8f4-68da-4313-9342-0a02033ee964.jpeg;Petz Washington Luís;SAO PAULO;SP;3;True;2024-11-02;0;FILHOTE
4718666;ROMEU;MALE;Pequeno;7246621;2023-10-10;3.0;https://s3.amazonaws.com/petz-cdm-stg/eec3fe86-2e20-498e-9b14-774f1b52a4db.jpeg;Petz Pacaembu;SAO PAULO;SP;12;False;2024-11-02;1;JUNIOR
4713520;Sebastian;MALE;Pequeno;7239320;2023-10-30;2.0;https://s3.amazonaws.com/petz-cdm-stg/d963f548-152e-4535-a602-ce870baa89dd.jpeg;Petz Florianópolis;FLORIANOPOLIS;SC;12;False;2024-11-02;2;JUNIOR
4716242;Sofia;FEMALE;Pequeno;7243153;2024-08-01;2.0;https://s3.amazonaws.com/petz-cdm-stg/556eac4a-6740-4cf8-8e3b-8e2a027c2e63.jpeg;Petz Washington Luís;SAO PAULO;SP;3;True;2024-11-02;0;FILHOTE
4719725;Willicot ;MALE;Pequeno;7248143;2023-10-28;4.0;https://s3.amazonaws.com/petz-cdm-stg/725b2ea5-ca82-4812-a06b-d9056cc4b315.jpeg;Petz Bosque Maia;GUARULHOS;SP;12;False;2024-11-02;1;JUNIOR
4723509;AMELY;FEMALE;Pequeno;7253556;2024-03-10;4.0;https://s3.amazonaws.com/petz-cdm-stg/eace6d24-3d82-4f85-966e-5fbf20ed45db.jpeg;Petz Salvador Paralela;SALVADOR;BA;8;True;2024-11-09;0;FILHOTE
4723582;ATHENA;FEMALE;Pequeno;7253639;2024-02-03;3.0;https://s3.amazonaws.com/petz-cdm-stg/802c1f56-a9a4-440d-9e97-16051c9872bd.jpeg;Petz Maringá;MARINGA;PR;9;True;2024-11-09;2;FILHOTE
4726316;BABEL;FEMALE;Pequeno;7257309;2024-01-26;4.0;https://s3.amazonaws.com/petz-cdm-stg/d5e6823b-7012-4585-ac7b-ce5a6604a5ec.jpeg;Petz Marginal Tiete;SAO PAULO;SP;9;True;2024-11-09;2;FILHOTE
4725484;BINO;MALE;Pequeno;7256209;2022-12-21;6.0;https://s3.amazonaws.com/petz-cdm-stg/546ff0bf-d579-4f47-810d-ca7403d3845b.jpeg;Petz Maringá;MARINGA;PR;22;False;2024-11-09;0;JUNIOR
4726251;Boyer;MALE;Pequeno;7257226;2024-09-07;2.0;https://s3.amazonaws.com/petz-cdm-stg/6c8f646a-19af-4177-b026-fdd1dab969c3.jpeg;Petz Itaim;SAO PAULO;SP;2;True;2024-11-09;0;FILHOTE
4727071;BRUNA;FEMALE;Pequeno;7258374;2024-08-28;2.0;https://s3.amazonaws.com/petz-cdm-stg/78b50639-0ef6-4a2b-b066-c96a0f0df95b.jpeg;Petz Boa Viagem;RECIFE;PE;2;True;2024-11-09;0;FILHOTE
4720029;Carmen;FEMALE;Pequeno;7248513;2024-10-01;3.0;https://s3.amazonaws.com/petz-cdm-stg/84e5fd8b-2488-4353-8ed6-4fcd64c59978.jpeg;Petz Sorocaba;SOROCABA;SP;1;True;2024-11-09;1;FILHOTE
4719589;Celestinha ;FEMALE;Pequeno;7247978;2024-07-15;2.0;https://s3.amazonaws.com/petz-cdm-stg/9d26571f-965c-42ba-8d73-5df3068d2c56.jpeg;Petz Anália Franco;SAO PAULO;SP;3;True;2024-11-09;0;FILHOTE
4726309;Cereja;FEMALE;Pequeno;7257300;2023-11-01;3.0;https://s3.amazonaws.com/petz-cdm-stg/4554ba41-f56a-45b6-944d-d7f1bafa9207.jpeg;Petz Washington Luís;SAO PAULO;SP;12;False;2024-11-09;1;JUNIOR
4597318;CLARICE;FEMALE;Pequeno;7088732;2021-01-01;3.0;https://s3.amazonaws.com/petz-cdm-stg/3cf49acc-bced-46f8-b6d3-b2cb241e532f.jpeg;Petz Rio Claro;RIO CLARO;SP;46;False;2024-11-09;2;ADULTO
4718528;Explorer;FEMALE;Pequeno;7246419;2023-10-01;3.0;https://s3.amazonaws.com/petz-cdm-stg/a917236d-12da-4321-b74f-89285cacfbc8.jpeg;Petz Itaim;SAO PAULO;SP;13;False;2024-11-09;0;JUNIOR
4723599;FERRUGINHA;FEMALE;Pequeno;7253653;2024-08-10;1.0;https://s3.amazonaws.com/petz-cdm-stg/95b93367-94a2-4d4d-8e79-30441ef010ff.jpeg;Petz Maringá;MARINGA;PR;3;True;2024-11-09;2;FILHOTE
4723610;FLOQUINHO;MALE;Pequeno;7253665;2024-08-10;1.0;https://s3.amazonaws.com/petz-cdm-stg/d88efa4b-6e46-4714-9173-0f60eeb0a233.jpeg;Petz Maringá;MARINGA;PR;3;True;2024-11-09;0;FILHOTE
4719798;Fritz;MALE;Pequeno;7248235;2024-01-01;3.0;https://s3.amazonaws.com/petz-cdm-stg/ae72ef49-a5f6-49ea-a681-9fbb86b391c2.jpeg;Petz Rio Claro;RIO CLARO;SP;10;True;2024-11-09;2;FILHOTE
4723505;JUMA;FEMALE;Pequeno;7253553;2024-06-03;3.0;https://s3.amazonaws.com/petz-cdm-stg/80318b1d-56ed-49d5-ad82-de4cb897c337.jpeg;Petz Salvador Paralela;SALVADOR;BA;5;True;2024-11-09;2;FILHOTE
4720027;Manu ;FEMALE;Pequeno;7248509;2023-10-01;3.0;https://s3.amazonaws.com/petz-cdm-stg/1371a696-7b3f-411c-ab0f-606f075f17e1.jpeg;Petz Sorocaba;SOROCABA;SP;13;False;2024-11-09;3;JUNIOR
4722241;MARTINA;FEMALE;Pequeno;7251881;2023-10-21;3.0;https://s3.amazonaws.com/petz-cdm-stg/945d04dd-6e23-4aa7-a308-ff123c7f2553.jpeg;Petz Ricardo Jafet 24h;SAO PAULO;SP;12;False;2024-11-09;2;JUNIOR
4706087;Mel;FEMALE;Pequeno;7229350;2021-09-10;3.0;https://s3.amazonaws.com/petz-cdm-stg/269f0040-5fdb-4b57-a6ab-50c353e538e1.jpeg;Petz Sorocaba;SOROCABA;SP;38;False;2024-11-09;0;ADULTO
4725355;Nero;MALE;Pequeno;7256025;2024-07-01;2.0;https://s3.amazonaws.com/petz-cdm-stg/a7dba292-f7ef-4cb8-9462-45685fb068d0.jpeg;Petz Salvador Bonocô;SALVADOR;BA;4;True;2024-11-09;1;FILHOTE
4723462;Nescal;MALE;Pequeno;7253493;2024-07-21;1.0;https://s3.amazonaws.com/petz-cdm-stg/348c595c-b612-445b-9348-01b7b8c83b83.jpeg;Petz Carrefour Manilha;SAO GONCALO;RJ;3;True;2024-11-09;0;FILHOTE
4725127;PRINCESA;FEMALE;Pequeno;7255674;2023-11-01;3.0;https://s3.amazonaws.com/petz-cdm-stg/25f7ed2c-1248-486d-bfd6-c45943204033.jpeg;Petz Ricardo Jafet 24h;SAO PAULO;SP;12;False;2024-11-09;2;JUNIOR
4725114;Rebecca;FEMALE;Pequeno;7255649;2023-11-01;3.0;https://s3.amazonaws.com/petz-cdm-stg/9a4df1b7-c449-4113-8bf2-3a60215edefe.jpeg;Petz Ricardo Jafet 24h;SAO PAULO;SP;12;False;2024-11-09;0;JUNIOR
4719792;Romeu;MALE;Pequeno;7248225;2024-01-01;3.0;https://s3.amazonaws.com/petz-cdm-stg/6617a5cb-e0cc-400b-a290-b262aa311efd.jpeg;Petz Rio Claro;RIO CLARO;SP;10;True;2024-11-09;2;FILHOTE
4725345;Sabrina;FEMALE;Pequeno;7256009;2024-06-01;2.0;https://s3.amazonaws.com/petz-cdm-stg/d09b57b3-745f-4779-8780-add1b10ebb9b.jpeg;Petz Salvador Bonocô;SALVADOR;BA;5;True;2024-11-09;0;FILHOTE
4597328;SERAFINE;MALE;Pequeno;7088750;2020-01-01;3.0;https://s3.amazonaws.com/petz-cdm-stg/6770b94a-aca7-4292-8004-52d9710ebf25.jpeg;Petz Rio Claro;RIO CLARO;SP;58;False;2024-11-09;2;ADULTO
4718620;Server;MALE;Pequeno;7246554;2024-08-30;2.0;https://s3.amazonaws.com/petz-cdm-stg/1f8f210d-badc-484f-82b1-52e680a401f2.jpeg;Petz Itaim;SAO PAULO;SP;2;True;2024-11-09;2;FILHOTE
4720028;Suzy;FEMALE;Pequeno;7248512;2023-10-01;3.0;https://s3.amazonaws.com/petz-cdm-stg/45a24cc5-b3c7-44fa-8753-1e2909088d60.jpeg;Petz Sorocaba;SOROCABA;SP;13;False;2024-11-09;3;JUNIOR
4664769;Vitor;MALE;Pequeno;7174809;2022-05-22;3.0;https://s3.amazonaws.com/petz-cdm-stg/e329482a-902b-46de-8b9e-08f3e1c860b8.jpeg;Petz Iguatemi Esplanada;VOTORANTIM;SP;29;False;2024-11-09;2;ADULTO
4723508;Vivi;FEMALE;Pequeno;7253558;2024-09-04;4.0;https://s3.amazonaws.com/petz-cdm-stg/648a2775-d1eb-4452-8e1a-f7ff613a1af3.jpeg;Petz Salvador Paralela;SALVADOR;BA;2;True;2024-11-09;2;FILHOTE
4723452;Yoddy;MALE;Pequeno;7253482;2024-07-21;1.0;https://s3.amazonaws.com/petz-cdm-stg/e58f0b2e-84d6-47b7-9e67-5e72db722967.jpeg;Petz Carrefour Manilha;SAO GONCALO;RJ;3;True;2024-11-09;0;FILHOTE
4729582;Alberto;MALE;Pequeno;7261643;2022-11-23;3.0;https://s3.amazonaws.com/petz-cdm-stg/9b379eef-42e4-453e-a714-f14ff4e87939.jpeg;Petz João Firmino;SAO BERNARDO DO CAMPO;SP;23;False;2024-11-16;0;JUNIOR
4726299;Barney Stinson;MALE;Pequeno;7257286;2024-07-02;2.0;https://s3.amazonaws.com/petz-cdm-stg/e373a9d3-fdeb-47f8-bce6-188d2c40a2a6.jpeg;Petz Anália Franco;SAO PAULO;SP;4;True;2024-11-16;0;FILHOTE
4732257;Bolena;FEMALE;Pequeno;7265032;2024-09-07;2.0;https://s3.amazonaws.com/petz-cdm-stg/b2d0e96c-73f2-47ef-bdd9-9c1291b40867.jpeg;Petz Cerro Cora;SAO PAULO;SP;2;True;2024-11-16;0;FILHOTE
4732055;Bruninho;MALE;Pequeno;7264807;2023-11-14;3.0;https://s3.amazonaws.com/petz-cdm-stg/17f1c5b5-97d4-480b-867e-67093e7647cd.jpeg;Petz Piracicaba;PIRACICABA;SP;12;False;2024-11-16;0;JUNIOR
4726240;Camezo;MALE;Pequeno;7257216;2024-09-07;2.0;https://s3.amazonaws.com/petz-cdm-stg/41c5f964-8a7a-4c6c-b029-4c8ef73953af.jpeg;Petz Itaim;SAO PAULO;SP;2;True;2024-11-16;2;FILHOTE
4732265;Canale;MALE;Pequeno;7265037;2024-09-07;2.0;https://s3.amazonaws.com/petz-cdm-stg/c919e476-d0e2-4623-be5a-bb66084b92d3.jpeg;Petz Cerro Cora;SAO PAULO;SP;2;True;2024-11-16;0;FILHOTE
4732283;Carambola ;FEMALE;Pequeno;7265058;2023-01-23;3.0;https://s3.amazonaws.com/petz-cdm-stg/42dfddf7-7102-4b9b-807b-9ea377f6d0f4.jpeg;Petz Cerro Cora;SAO PAULO;SP;21;False;2024-11-16;0;JUNIOR
4718550;Chico;MALE;Pequeno;7246458;2024-08-30;1.0;https://s3.amazonaws.com/petz-cdm-stg/856c2bbb-0cf2-467e-b9af-17149839d6ce.jpeg;Petz Bueno T63;GOIANIA;GO;2;True;2024-11-16;2;FILHOTE
4725247;Citroen;FEMALE;Pequeno;7255864;2024-04-05;3.0;https://s3.amazonaws.com/petz-cdm-stg/cd33bad8-dc8e-4f3a-9f6d-8088786f48a5.jpeg;Petz Alto da Boa Vista;SAO PAULO;SP;7;True;2024-11-16;0;FILHOTE
4634950;Clodovil;MALE;Pequeno;7136070;2024-01-20;3.0;https://s3.amazonaws.com/petz-cdm-stg/0a6b4d60-9dae-4d9b-84f0-c9da1f646fe4.jpeg;Petz Washington Luís;SAO PAULO;SP;9;True;2024-11-16;0;FILHOTE
4726177;Cremogema;FEMALE;Pequeno;7257141;2024-08-08;1.0;https://s3.amazonaws.com/petz-cdm-stg/ac4368b0-fc2c-457d-9743-aff25b70d26b.jpeg;Petz Bandeirantes 24h;SAO PAULO;SP;3;True;2024-11-16;1;FILHOTE
4732174;Curie;FEMALE;Pequeno;7264934;2023-08-31;3.0;https://s3.amazonaws.com/petz-cdm-stg/a5265d67-876b-4e15-b2d3-0a964942460d.jpeg;Petz Cerro Cora;SAO PAULO;SP;14;False;2024-11-16;3;JUNIOR
4732663;Dim dim;MALE;Pequeno;7265593;2024-03-01;4.0;https://s3.amazonaws.com/petz-cdm-stg/57c521d6-43c0-4d1c-a4d2-bc59d76a6a4e.jpeg;Petz Santo André;SANTO ANDRE;SP;8;True;2024-11-16;1;FILHOTE
4726234;Dragon Ice Tea;MALE;Pequeno;7257209;2024-04-05;4.0;https://s3.amazonaws.com/petz-cdm-stg/da3cd96d-39ab-460f-885d-14dfdb686819.jpeg;Petz Bandeirantes 24h;SAO PAULO;SP;7;True;2024-11-16;1;FILHOTE
4731661;Elanor Brandyfoot ;FEMALE;Pequeno;7264327;2023-12-10;3.0;https://s3.amazonaws.com/petz-cdm-stg/583ee848-ffa0-4080-b96b-069d69154c6c.jpeg;Petz Augusta;SAO PAULO;SP;11;True;2024-11-16;1;FILHOTE
4731698;Escolástica;FEMALE;Pequeno;7264369;2023-11-01;4.0;https://s3.amazonaws.com/petz-cdm-stg/43195409-d17e-43a6-9698-4d3da23ed08e.jpeg;Petz Augusta;SAO PAULO;SP;12;False;2024-11-16;0;JUNIOR
4726179;Farinha Láctea;FEMALE;Pequeno;7257143;2024-08-08;1.0;https://s3.amazonaws.com/petz-cdm-stg/e4aaeb39-d7f5-44d9-8931-2c7feeaaf899.jpeg;Petz Bandeirantes 24h;SAO PAULO;SP;3;True;2024-11-16;1;FILHOTE
4730152;LASANHA;FEMALE;Pequeno;7262409;2024-09-04;1.0;https://s3.amazonaws.com/petz-cdm-stg/fc2ce7e5-27b5-4bf8-8878-ad68990f88bb.jpeg;Petz Carrefour São Caetano;SAO CAETANO DO SUL;SP;2;True;2024-11-16;1;FILHOTE
4731713;Linda;FEMALE;Pequeno;7264387;2023-09-16;4.0;https://s3.amazonaws.com/petz-cdm-stg/5755e7aa-d1c7-41cd-8af2-e61638d6782f.jpeg;Petz Augusta;SAO PAULO;SP;14;False;2024-11-16;1;JUNIOR
4729015;LOGAN;MALE;Pequeno;7260970;2024-09-04;1.0;https://s3.amazonaws.com/petz-cdm-stg/55a5c50f-db02-4ed3-895e-e3eb8cfa8e94.jpeg;Petz Ricardo Jafet 24h;SAO PAULO;SP;2;True;2024-11-16;0;FILHOTE
4729947;Louise ;FEMALE;Pequeno;7262175;2024-08-12;1.0;https://s3.amazonaws.com/petz-cdm-stg/8404e837-8450-46f7-8bb2-fc5e180f49cd.jpeg;Petz Parque Flamboyant;GOIANIA;GO;3;True;2024-11-16;1;FILHOTE
4733053;LUCA;MALE;Pequeno;7266054;2023-11-10;3.0;https://s3.amazonaws.com/petz-cdm-stg/510d4795-2e00-4491-ad0b-e7fe5ca0f7fd.jpeg;Petz Pacaembu;SAO PAULO;SP;12;False;2024-11-16;3;JUNIOR
4731902;LUNA;FEMALE;Pequeno;7264632;2024-05-01;3.0;https://s3.amazonaws.com/petz-cdm-stg/857f7b22-1ae9-47df-a7dd-00edba21c35c.jpeg;Petz Ricardo Jafet 24h;SAO PAULO;SP;6;True;2024-11-16;3;FILHOTE
4732970;Maitê ;FEMALE;Pequeno;7265966;2021-10-05;4.0;https://s3.amazonaws.com/petz-cdm-stg/e6f3a3b5-1799-444f-aec4-46f019303a98.jpeg;Petz Santo André;SANTO ANDRE;SP;37;False;2024-11-16;0;ADULTO
4726189;Mango Loco;MALE;Pequeno;7257157;2024-04-05;4.0;https://s3.amazonaws.com/petz-cdm-stg/ddc610ba-03e3-442f-9907-bfb87e396348.jpeg;Petz Bandeirantes 24h;SAO PAULO;SP;7;True;2024-11-16;1;FILHOTE
4732126;Marley;MALE;Pequeno;7264882;2023-11-14;3.0;https://s3.amazonaws.com/petz-cdm-stg/4f9fd33f-abb4-471e-bd13-bdc121ecd226.jpeg;Petz Piracicaba;PIRACICABA;SP;12;False;2024-11-16;1;JUNIOR
4726297;Marshall Eriksen;MALE;Pequeno;7257289;2024-07-02;2.0;https://s3.amazonaws.com/petz-cdm-stg/eab3db89-fb99-4316-b975-bb07d13d2972.jpeg;Petz Anália Franco;SAO PAULO;SP;4;True;2024-11-16;0;FILHOTE
4725250;Mitsubish;MALE;Pequeno;7255869;2024-04-05;3.0;https://s3.amazonaws.com/petz-cdm-stg/44851edd-981f-47df-be00-f52a27038778.jpeg;Petz Alto da Boa Vista;SAO PAULO;SP;7;True;2024-11-16;0;FILHOTE
4726310;MÔNICA;FEMALE;Pequeno;7257303;2024-08-20;2.0;https://s3.amazonaws.com/petz-cdm-stg/67dba726-06d8-4754-b99f-203f778907ac.jpeg;Petz Moinhos de Vento;PORTO ALEGRE;RS;2;True;2024-11-16;0;FILHOTE
4604322;Nely;FEMALE;Pequeno;7097907;2021-03-01;4.0;https://s3.amazonaws.com/petz-cdm-stg/9df8c395-3ad8-4693-8cb0-18e03ffc5346.jpeg;Petz Extra Maracanã;RIO DE JANEIRO;RJ;44;False;2024-11-16;3;ADULTO
4726467;Nina;FEMALE;Pequeno;7257473;2020-11-08;4.0;https://s3.amazonaws.com/petz-cdm-stg/c328127b-b0af-4dc6-a05d-9649648cada4.jpeg;Petz Piracicaba;PIRACICABA;SP;48;False;2024-11-16;2;ADULTO
4726236;Pacific Punch;MALE;Pequeno;7257211;2024-04-05;3.0;https://s3.amazonaws.com/petz-cdm-stg/2606f0e7-5f15-485d-8d0a-28f9d220ad01.jpeg;Petz Bandeirantes 24h;SAO PAULO;SP;7;True;2024-11-16;0;FILHOTE
4732054;Panqueca;MALE;Pequeno;7264805;2023-11-14;3.0;https://s3.amazonaws.com/petz-cdm-stg/153900a9-7d49-438b-83fe-9a2c1312c582.jpeg;Petz Piracicaba;PIRACICABA;SP;12;False;2024-11-16;2;JUNIOR
4719651;Perla;FEMALE;Pequeno;7248050;2024-01-15;4.0;https://s3.amazonaws.com/petz-cdm-stg/494f4fcd-aa93-49e7-b111-769064b822ae.jpeg;Petz Cantareira;SAO PAULO;SP;10;True;2024-11-16;2;FILHOTE
2803799;PUMA;FEMALE;Pequeno;4534368;2020-08-10;0.0;https://s3.amazonaws.com/petz-cdm-stg/64a11e68-3b6f-4910-b432-f84db09f488b.jpeg;Petz Extra Maracanã;RIO DE JANEIRO;RJ;51;False;2024-11-16;3;ADULTO
4722582;Raimundo;MALE;Pequeno;7252301;2022-03-20;4.0;https://s3.amazonaws.com/petz-cdm-stg/9e224587-7b97-434c-b686-915bfdea68a0.jpeg;Petz Cavalhada;PORTO ALEGRE;RS;31;False;2024-11-16;1;ADULTO
4732125;Ravi;MALE;Pequeno;7264880;2023-11-14;3.0;https://s3.amazonaws.com/petz-cdm-stg/f050b145-1789-487d-a22c-fa7592e200d6.jpeg;Petz Piracicaba;PIRACICABA;SP;12;False;2024-11-16;1;JUNIOR
4730169;RISOTTO;MALE;Pequeno;7262422;2024-09-04;1.0;https://s3.amazonaws.com/petz-cdm-stg/65a15924-56d5-4642-88ac-1c4b19c2fbca.jpeg;Petz Carrefour São Caetano;SAO CAETANO DO SUL;SP;2;True;2024-11-16;1;FILHOTE
4726298;Robin Scherbatsky;FEMALE;Pequeno;7257285;2024-07-02;2.0;https://s3.amazonaws.com/petz-cdm-stg/182657dc-7f89-4926-b8ef-c5d6bd393f3c.jpeg;Petz Anália Franco;SAO PAULO;SP;4;True;2024-11-16;0;FILHOTE
4726259;Salazar;MALE;Pequeno;7257239;2024-09-07;2.0;https://s3.amazonaws.com/petz-cdm-stg/20eb4044-1e4e-4459-945a-e7b2bb59a370.jpeg;Petz Itaim;SAO PAULO;SP;2;True;2024-11-16;1;FILHOTE
4731915;SERENA;FEMALE;Pequeno;7264641;2024-05-01;3.0;https://s3.amazonaws.com/petz-cdm-stg/179b2225-27b0-4110-a7a1-37b4f6efb128.jpeg;Petz Ricardo Jafet 24h;SAO PAULO;SP;6;True;2024-11-16;3;FILHOTE
4732009;Silvia;FEMALE;Pequeno;7264757;2024-08-30;2.0;https://s3.amazonaws.com/petz-cdm-stg/dd247499-5a1b-4221-b49d-b7dc76318f62.jpeg;Petz Abelardo Bueno;RIO DE JANEIRO;RJ;2;True;2024-11-16;1;FILHOTE
4732010;Sônia;FEMALE;Pequeno;7264764;2024-08-30;2.0;https://s3.amazonaws.com/petz-cdm-stg/e5a1efc4-ffd6-4240-a91c-cc51499c263e.jpeg;Petz Abelardo Bueno;RIO DE JANEIRO;RJ;2;True;2024-11-16;0;FILHOTE
4730160;SPAGHETTI;MALE;Pequeno;7262415;2024-09-04;1.0;https://s3.amazonaws.com/petz-cdm-stg/50adf5bb-3876-432b-9930-f585decd56ff.jpeg;Petz Carrefour São Caetano;SAO CAETANO DO SUL;SP;2;True;2024-11-16;0;FILHOTE
4701612;Stella;FEMALE;Pequeno;7223053;2023-11-14;4.0;https://s3.amazonaws.com/petz-cdm-stg/f2588c84-c972-41a5-9db8-5c26c242ea11.jpeg;Petz Piracicaba;PIRACICABA;SP;12;False;2024-11-16;0;JUNIOR
4725195;Tess;FEMALE;Pequeno;7255781;2023-07-15;4.0;https://s3.amazonaws.com/petz-cdm-stg/05579dca-a437-43b2-8ff1-e8d8ff9fb4a8.jpeg;Petz Augusta;SAO PAULO;SP;16;False;2024-11-16;1;JUNIOR
4718544;Tom ;MALE;Pequeno;7246451;2024-08-30;1.0;https://s3.amazonaws.com/petz-cdm-stg/594c331d-d276-4aa1-8f98-c028e6a5fec4.jpeg;Petz Bueno T63;GOIANIA;GO;2;True;2024-11-16;2;FILHOTE
4731992;Urice;FEMALE;Pequeno;7264738;2024-08-01;2.0;https://s3.amazonaws.com/petz-cdm-stg/6d5746b4-0373-4131-a3b7-9ce5cedb8573.jpeg;Petz Abelardo Bueno;RIO DE JANEIRO;RJ;3;True;2024-11-16;0;FILHOTE
4731980;Uster;MALE;Pequeno;7264724;2024-08-01;2.0;https://s3.amazonaws.com/petz-cdm-stg/4083db4c-2518-412d-a5ec-1f3d169d8095.jpeg;Petz Abelardo Bueno;RIO DE JANEIRO;RJ;3;True;2024-11-16;1;FILHOTE
